Year,Code,Name,Fossil_Fuel
1990,ABW,Aruba,
2000,ABW,Aruba,
2015,ABW,Aruba,
2016,ABW,Aruba,
2017,ABW,Aruba,
2018,ABW,Aruba,
2019,ABW,Aruba,
2020,ABW,Aruba,
2021,ABW,Aruba,
2022,ABW,Aruba,
2023,ABW,Aruba,
2024,ABW,Aruba,
1990,AFE,Africa Eastern and Southern,47.93980934731277
2000,AFE,Africa Eastern and Southern,47.750923132238015
2015,AFE,Africa Eastern and Southern,47.32488113997446
2016,AFE,Africa Eastern and Southern,47.20427653053665
2017,AFE,Africa Eastern and Southern,46.75161501674494
2018,AFE,Africa Eastern and Southern,45.85620979075039
2019,AFE,Africa Eastern and Southern,46.221992970747706
2020,AFE,Africa Eastern and Southern,43.232204647954354
2021,AFE,Africa Eastern and Southern,43.48551575446009
2022,AFE,Africa Eastern and Southern,42.993108618321024
2023,AFE,Africa Eastern and Southern,19.77
2024,AFE,Africa Eastern and Southern,
1990,AFG,Afghanistan,
2000,AFG,Afghanistan,
2015,AFG,Afghanistan,
2016,AFG,Afghanistan,
2017,AFG,Afghanistan,
2018,AFG,Afghanistan,
2019,AFG,Afghanistan,
2020,AFG,Afghanistan,
2021,AFG,Afghanistan,
2022,AFG,Afghanistan,
2023,AFG,Afghanistan,
2024,AFG,Afghanistan,
1990,AFW,Africa Western and Central,34.502992427313494
2000,AFW,Africa Western and Central,37.91625282147219
2015,AFW,Africa Western and Central,45.78918793388396
2016,AFW,Africa Western and Central,47.338239459789165
2017,AFW,Africa Western and Central,45.663760917991766
2018,AFW,Africa Western and Central,45.20891337697588
2019,AFW,Africa Western and Central,47.64144672103717
2020,AFW,Africa Western and Central,47.061076052046275
2021,AFW,Africa Western and Central,47.06742671907681
2022,AFW,Africa Western and Central,47.1177454829575
2023,AFW,Africa Western and Central,
2024,AFW,Africa Western and Central,
1990,AGO,Angola,25.48
2000,AGO,Angola,26.15
2015,AGO,Angola,53.4
2016,AGO,Angola,48.27
2017,AGO,Angola,47.83
2018,AGO,Angola,40.55
2019,AGO,Angola,43.2
2020,AGO,Angola,40.6
2021,AGO,Angola,45.48
2022,AGO,Angola,47.02
2023,AGO,Angola,
2024,AGO,Angola,
1990,ALB,Albania,76.6
2000,ALB,Albania,58.78
2015,ALB,Albania,60.19
2016,ALB,Albania,58.07
2017,ALB,Albania,62.12
2018,ALB,Albania,60.11
2019,ALB,Albania,59.41
2020,ALB,Albania,57.07
2021,ALB,Albania,56.22
2022,ALB,Albania,55.06
2023,ALB,Albania,
2024,ALB,Albania,
1990,AND,Andorra,
2000,AND,Andorra,
2015,AND,Andorra,
2016,AND,Andorra,
2017,AND,Andorra,
2018,AND,Andorra,
2019,AND,Andorra,
2020,AND,Andorra,
2021,AND,Andorra,
2022,AND,Andorra,
2023,AND,Andorra,
2024,AND,Andorra,
1990,ARB,Arab World,93.5960107730241
2000,ARB,Arab World,94.73678133357623
2015,ARB,Arab World,96.78705276938129
2016,ARB,Arab World,96.8468046043994
2017,ARB,Arab World,96.88474091006064
2018,ARB,Arab World,96.80559195399566
2019,ARB,Arab World,96.63220776017414
2020,ARB,Arab World,96.31761710898594
2021,ARB,Arab World,96.12221827847023
2022,ARB,Arab World,95.83928334235074
2023,ARB,Arab World,
2024,ARB,Arab World,
1990,ARE,United Arab Emirates,100.0
2000,ARE,United Arab Emirates,99.95
2015,ARE,United Arab Emirates,99.87
2016,ARE,United Arab Emirates,99.82
2017,ARE,United Arab Emirates,99.82
2018,ARE,United Arab Emirates,99.77
2019,ARE,United Arab Emirates,99.53
2020,ARE,United Arab Emirates,98.7
2021,ARE,United Arab Emirates,96.07
2022,ARE,United Arab Emirates,92.72
2023,ARE,United Arab Emirates,
2024,ARE,United Arab Emirates,
1990,ARG,Argentina,87.64
2000,ARG,Argentina,88.7
2015,ARG,Argentina,88.73
2016,ARG,Argentina,88.42
2017,ARG,Argentina,88.18
2018,ARG,Argentina,87.73
2019,ARG,Argentina,86.82
2020,ARG,Argentina,86.38
2021,ARG,Argentina,87.4
2022,ARG,Argentina,86.96
2023,ARG,Argentina,
2024,ARG,Argentina,
1990,ARM,Armenia,97.04
2000,ARM,Armenia,70.06
2015,ARM,Armenia,68.89
2016,ARM,Armenia,69.08
2017,ARM,Armenia,68.99
2018,ARM,Armenia,74.31
2019,ARM,Armenia,73.7
2020,ARM,Armenia,74.13
2021,ARM,Armenia,78.22
2022,ARM,Armenia,75.78
2023,ARM,Armenia,
2024,ARM,Armenia,
1990,ASM,American Samoa,
2000,ASM,American Samoa,
2015,ASM,American Samoa,
2016,ASM,American Samoa,
2017,ASM,American Samoa,
2018,ASM,American Samoa,
2019,ASM,American Samoa,
2020,ASM,American Samoa,
2021,ASM,American Samoa,
2022,ASM,American Samoa,
2023,ASM,American Samoa,
2024,ASM,American Samoa,
1990,ATG,Antigua and Barbuda,0.0
2000,ATG,Antigua and Barbuda,
2015,ATG,Antigua and Barbuda,
2016,ATG,Antigua and Barbuda,
2017,ATG,Antigua and Barbuda,
2018,ATG,Antigua and Barbuda,
2019,ATG,Antigua and Barbuda,
2020,ATG,Antigua and Barbuda,
2021,ATG,Antigua and Barbuda,
2022,ATG,Antigua and Barbuda,
2023,ATG,Antigua and Barbuda,
2024,ATG,Antigua and Barbuda,
1990,AUS,Australia,93.89
2000,AUS,Australia,93.96
2015,AUS,Australia,93.61
2016,AUS,Australia,93.36
2017,AUS,Australia,93.14
2018,AUS,Australia,93.06
2019,AUS,Australia,92.92
2020,AUS,Australia,92.55
2021,AUS,Australia,91.53
2022,AUS,Australia,90.42
2023,AUS,Australia,90.19
2024,AUS,Australia,
1990,AUT,Austria,79.13
2000,AUT,Austria,76.54
2015,AUT,Austria,65.48
2016,AUT,Austria,65.65
2017,AUT,Austria,66.46
2018,AUT,Austria,66.24
2019,AUT,Austria,67.22
2020,AUT,Austria,65.35
2021,AUT,Austria,64.9
2022,AUT,Austria,64.1
2023,AUT,Austria,62.06
2024,AUT,Austria,
1990,AZE,Azerbaijan,99.9
2000,AZE,Azerbaijan,98.29
2015,AZE,Azerbaijan,98.06
2016,AZE,Azerbaijan,98.69
2017,AZE,Azerbaijan,98.92
2018,AZE,Azerbaijan,98.9
2019,AZE,Azerbaijan,99.08
2020,AZE,Azerbaijan,99.19
2021,AZE,Azerbaijan,99.43
2022,AZE,Azerbaijan,100.0
2023,AZE,Azerbaijan,
2024,AZE,Azerbaijan,
1990,BDI,Burundi,
2000,BDI,Burundi,
2015,BDI,Burundi,
2016,BDI,Burundi,
2017,BDI,Burundi,
2018,BDI,Burundi,
2019,BDI,Burundi,
2020,BDI,Burundi,
2021,BDI,Burundi,
2022,BDI,Burundi,
2023,BDI,Burundi,
2024,BDI,Burundi,
1990,BEL,Belgium,75.79
2000,BEL,Belgium,75.88
2015,BEL,Belgium,74.92
2016,BEL,Belgium,69.91
2017,BEL,Belgium,70.2
2018,BEL,Belgium,73.75
2019,BEL,Belgium,70.21
2020,BEL,Belgium,71.0
2021,BEL,Belgium,67.18
2022,BEL,Belgium,67.09
2023,BEL,Belgium,69.34
2024,BEL,Belgium,
1990,BEN,Benin,4.84
2000,BEN,Benin,25.48
2015,BEN,Benin,40.43
2016,BEN,Benin,44.66
2017,BEN,Benin,45.33
2018,BEN,Benin,46.27
2019,BEN,Benin,43.61
2020,BEN,Benin,45.73
2021,BEN,Benin,40.41
2022,BEN,Benin,39.64
2023,BEN,Benin,
2024,BEN,Benin,
1990,BFA,Burkina Faso,11.63
2000,BFA,Burkina Faso,22.48
2015,BFA,Burkina Faso,20.53
2016,BFA,Burkina Faso,21.28
2017,BFA,Burkina Faso,23.09
2018,BFA,Burkina Faso,24.04
2019,BFA,Burkina Faso,24.05
2020,BFA,Burkina Faso,27.31
2021,BFA,Burkina Faso,24.89
2022,BFA,Burkina Faso,24.03
2023,BFA,Burkina Faso,
2024,BFA,Burkina Faso,
1990,BGD,Bangladesh,45.58
2000,BGD,Bangladesh,57.93
2015,BGD,Bangladesh,76.86
2016,BGD,Bangladesh,78.77
2017,BGD,Bangladesh,79.41
2018,BGD,Bangladesh,79.7
2019,BGD,Bangladesh,80.91
2020,BGD,Bangladesh,81.15
2021,BGD,Bangladesh,82.5
2022,BGD,Bangladesh,83.13
2023,BGD,Bangladesh,
2024,BGD,Bangladesh,
1990,BGR,Bulgaria,84.1
2000,BGR,Bulgaria,72.4
2015,BGR,Bulgaria,72.43
2016,BGR,Bulgaria,69.4
2017,BGR,Bulgaria,70.82
2018,BGR,Bulgaria,67.35
2019,BGR,Bulgaria,65.63
2020,BGR,Bulgaria,62.09
2021,BGR,Bulgaria,65.86
2022,BGR,Bulgaria,68.8
2023,BGR,Bulgaria,
2024,BGR,Bulgaria,
1990,BHR,Bahrain,100.0
2000,BHR,Bahrain,100.0
2015,BHR,Bahrain,100.0
2016,BHR,Bahrain,100.0
2017,BHR,Bahrain,99.97
2018,BHR,Bahrain,99.87
2019,BHR,Bahrain,99.95
2020,BHR,Bahrain,100.0
2021,BHR,Bahrain,99.98
2022,BHR,Bahrain,99.96
2023,BHR,Bahrain,
2024,BHR,Bahrain,
1990,BHS,"Bahamas, The",0.0
2000,BHS,"Bahamas, The",
2015,BHS,"Bahamas, The",
2016,BHS,"Bahamas, The",
2017,BHS,"Bahamas, The",
2018,BHS,"Bahamas, The",
2019,BHS,"Bahamas, The",
2020,BHS,"Bahamas, The",
2021,BHS,"Bahamas, The",
2022,BHS,"Bahamas, The",
2023,BHS,"Bahamas, The",
2024,BHS,"Bahamas, The",
1990,BIH,Bosnia and Herzegovina,93.93
2000,BIH,Bosnia and Herzegovina,87.89
2015,BIH,Bosnia and Herzegovina,86.13
2016,BIH,Bosnia and Herzegovina,89.19
2017,BIH,Bosnia and Herzegovina,90.6
2018,BIH,Bosnia and Herzegovina,81.82
2019,BIH,Bosnia and Herzegovina,79.58
2020,BIH,Bosnia and Herzegovina,80.53
2021,BIH,Bosnia and Herzegovina,79.95
2022,BIH,Bosnia and Herzegovina,78.81
2023,BIH,Bosnia and Herzegovina,
2024,BIH,Bosnia and Herzegovina,
1990,BLR,Belarus,97.71
2000,BLR,Belarus,93.66
2015,BLR,Belarus,93.55
2016,BLR,Belarus,93.33
2017,BLR,Belarus,93.05
2018,BLR,Belarus,94.39
2019,BLR,Belarus,94.01
2020,BLR,Belarus,92.59
2021,BLR,Belarus,87.69
2022,BLR,Belarus,86.62
2023,BLR,Belarus,
2024,BLR,Belarus,
1990,BLZ,Belize,0.0
2000,BLZ,Belize,
2015,BLZ,Belize,
2016,BLZ,Belize,
2017,BLZ,Belize,
2018,BLZ,Belize,
2019,BLZ,Belize,
2020,BLZ,Belize,
2021,BLZ,Belize,
2022,BLZ,Belize,
2023,BLZ,Belize,
2024,BLZ,Belize,
1990,BMU,Bermuda,
2000,BMU,Bermuda,
2015,BMU,Bermuda,
2016,BMU,Bermuda,
2017,BMU,Bermuda,
2018,BMU,Bermuda,
2019,BMU,Bermuda,
2020,BMU,Bermuda,
2021,BMU,Bermuda,
2022,BMU,Bermuda,
2023,BMU,Bermuda,
2024,BMU,Bermuda,
1990,BOL,Bolivia,66.7
2000,BOL,Bolivia,74.6
2015,BOL,Bolivia,85.5
2016,BOL,Bolivia,86.8
2017,BOL,Bolivia,86.7
2018,BOL,Bolivia,86.3
2019,BOL,Bolivia,85.34
2020,BOL,Bolivia,82.26
2021,BOL,Bolivia,84.13
2022,BOL,Bolivia,84.84
2023,BOL,Bolivia,
2024,BOL,Bolivia,
1990,BRA,Brazil,51.24
2000,BRA,Brazil,58.26
2015,BRA,Brazil,57.05
2016,BRA,Brazil,54.54
2017,BRA,Brazil,54.9
2018,BRA,Brazil,52.43
2019,BRA,Brazil,51.87
2020,BRA,Brazil,49.73
2021,BRA,Brazil,53.72
2022,BRA,Brazil,51.04
2023,BRA,Brazil,49.35
2024,BRA,Brazil,
1990,BRB,Barbados,0.0
2000,BRB,Barbados,
2015,BRB,Barbados,
2016,BRB,Barbados,
2017,BRB,Barbados,
2018,BRB,Barbados,
2019,BRB,Barbados,
2020,BRB,Barbados,
2021,BRB,Barbados,
2022,BRB,Barbados,
2023,BRB,Barbados,
2024,BRB,Barbados,
1990,BRN,Brunei Darussalam,99.87
2000,BRN,Brunei Darussalam,100.0
2015,BRN,Brunei Darussalam,99.99
2016,BRN,Brunei Darussalam,100.0
2017,BRN,Brunei Darussalam,100.0
2018,BRN,Brunei Darussalam,100.0
2019,BRN,Brunei Darussalam,100.0
2020,BRN,Brunei Darussalam,100.0
2021,BRN,Brunei Darussalam,99.99
2022,BRN,Brunei Darussalam,99.99
2023,BRN,Brunei Darussalam,
2024,BRN,Brunei Darussalam,
1990,BTN,Bhutan,0.0
2000,BTN,Bhutan,
2015,BTN,Bhutan,
2016,BTN,Bhutan,
2017,BTN,Bhutan,
2018,BTN,Bhutan,
2019,BTN,Bhutan,
2020,BTN,Bhutan,
2021,BTN,Bhutan,
2022,BTN,Bhutan,
2023,BTN,Bhutan,
2024,BTN,Bhutan,
1990,BWA,Botswana,64.83
2000,BWA,Botswana,65.11
2015,BWA,Botswana,70.88
2016,BWA,Botswana,68.77
2017,BWA,Botswana,70.97
2018,BWA,Botswana,73.75
2019,BWA,Botswana,70.69
2020,BWA,Botswana,64.25
2021,BWA,Botswana,66.27
2022,BWA,Botswana,66.7
2023,BWA,Botswana,
2024,BWA,Botswana,
1990,CAF,Central African Republic,
2000,CAF,Central African Republic,
2015,CAF,Central African Republic,
2016,CAF,Central African Republic,
2017,CAF,Central African Republic,
2018,CAF,Central African Republic,
2019,CAF,Central African Republic,
2020,CAF,Central African Republic,
2021,CAF,Central African Republic,
2022,CAF,Central African Republic,
2023,CAF,Central African Republic,
2024,CAF,Central African Republic,
1990,CAN,Canada,73.52
2000,CAN,Canada,76.53
2015,CAN,Canada,74.67
2016,CAN,Canada,75.63
2017,CAN,Canada,76.04
2018,CAN,Canada,76.23
2019,CAN,Canada,76.66
2020,CAN,Canada,75.77
2021,CAN,Canada,76.34
2022,CAN,Canada,76.91
2023,CAN,Canada,76.78
2024,CAN,Canada,
1990,CEB,Central Europe and the Baltics,90.83940472793145
2000,CEB,Central Europe and the Baltics,85.78950841429597
2015,CEB,Central Europe and the Baltics,77.4453728901794
2016,CEB,Central Europe and the Baltics,77.74776196774248
2017,CEB,Central Europe and the Baltics,77.94359195364406
2018,CEB,Central Europe and the Baltics,76.64232444968552
2019,CEB,Central Europe and the Baltics,75.1989331318621
2020,CEB,Central Europe and the Baltics,73.76528164292903
2021,CEB,Central Europe and the Baltics,74.92930085704273
2022,CEB,Central Europe and the Baltics,74.48916491811777
2023,CEB,Central Europe and the Baltics,73.78753385693196
2024,CEB,Central Europe and the Baltics,
1990,CHE,Switzerland,58.65
2000,CHE,Switzerland,54.58
2015,CHE,Switzerland,50.85
2016,CHE,Switzerland,50.32
2017,CHE,Switzerland,50.57
2018,CHE,Switzerland,47.49
2019,CHE,Switzerland,47.91
2020,CHE,Switzerland,47.41
2021,CHE,Switzerland,48.3
2022,CHE,Switzerland,45.34
2023,CHE,Switzerland,44.47
2024,CHE,Switzerland,
1990,CHI,Channel Islands,
2000,CHI,Channel Islands,
2015,CHI,Channel Islands,
2016,CHI,Channel Islands,
2017,CHI,Channel Islands,
2018,CHI,Channel Islands,
2019,CHI,Channel Islands,
2020,CHI,Channel Islands,
2021,CHI,Channel Islands,
2022,CHI,Channel Islands,
2023,CHI,Channel Islands,
2024,CHI,Channel Islands,
1990,CHL,Chile,72.15
2000,CHL,Chile,74.51
2015,CHL,Chile,72.75
2016,CHL,Chile,72.89
2017,CHL,Chile,72.17
2018,CHL,Chile,71.24
2019,CHL,Chile,72.6
2020,CHL,Chile,70.95
2021,CHL,Chile,70.71
2022,CHL,Chile,70.08
2023,CHL,Chile,66.66
2024,CHL,Chile,
1990,CHN,China,75.79
2000,CHN,China,80.27
2015,CHN,China,89.94
2016,CHN,China,89.1
2017,CHN,China,88.6
2018,CHN,China,88.16
2019,CHN,China,87.69
2020,CHN,China,87.45
2021,CHN,China,87.16
2022,CHN,China,86.72
2023,CHN,China,
2024,CHN,China,
1990,CIV,Cote d'Ivoire,23.7
2000,CIV,Cote d'Ivoire,37.13
2015,CIV,Cote d'Ivoire,35.04
2016,CIV,Cote d'Ivoire,36.82
2017,CIV,Cote d'Ivoire,39.67
2018,CIV,Cote d'Ivoire,41.32
2019,CIV,Cote d'Ivoire,39.01
2020,CIV,Cote d'Ivoire,38.97
2021,CIV,Cote d'Ivoire,35.9
2022,CIV,Cote d'Ivoire,37.58
2023,CIV,Cote d'Ivoire,
2024,CIV,Cote d'Ivoire,
1990,CMR,Cameroon,18.71
2000,CMR,Cameroon,16.2
2015,CMR,Cameroon,27.8
2016,CMR,Cameroon,27.02
2017,CMR,Cameroon,25.51
2018,CMR,Cameroon,25.64
2019,CMR,Cameroon,24.63
2020,CMR,Cameroon,24.88
2021,CMR,Cameroon,23.51
2022,CMR,Cameroon,22.89
2023,CMR,Cameroon,
2024,CMR,Cameroon,
1990,COD,"Congo, Dem. Rep.",11.16
2000,COD,"Congo, Dem. Rep.",2.04
2015,COD,"Congo, Dem. Rep.",3.23
2016,COD,"Congo, Dem. Rep.",2.54
2017,COD,"Congo, Dem. Rep.",2.59
2018,COD,"Congo, Dem. Rep.",3.43
2019,COD,"Congo, Dem. Rep.",3.52
2020,COD,"Congo, Dem. Rep.",3.25
2021,COD,"Congo, Dem. Rep.",2.86
2022,COD,"Congo, Dem. Rep.",3.97
2023,COD,"Congo, Dem. Rep.",
2024,COD,"Congo, Dem. Rep.",
1990,COG,"Congo, Rep.",34.25
2000,COG,"Congo, Rep.",26.31
2015,COG,"Congo, Rep.",42.94
2016,COG,"Congo, Rep.",43.46
2017,COG,"Congo, Rep.",41.58
2018,COG,"Congo, Rep.",42.96
2019,COG,"Congo, Rep.",47.23
2020,COG,"Congo, Rep.",47.93
2021,COG,"Congo, Rep.",48.44
2022,COG,"Congo, Rep.",51.82
2023,COG,"Congo, Rep.",
2024,COG,"Congo, Rep.",
1990,COL,Colombia,67.58
2000,COL,Colombia,76.27
2015,COL,Colombia,75.65
2016,COL,Colombia,76.62
2017,COL,Colombia,74.14
2018,COL,Colombia,74.71
2019,COL,Colombia,77.06
2020,COL,Colombia,76.0
2021,COL,Colombia,76.07
2022,COL,Colombia,73.8
2023,COL,Colombia,75.26
2024,COL,Colombia,
1990,COM,Comoros,0.0
2000,COM,Comoros,
2015,COM,Comoros,
2016,COM,Comoros,
2017,COM,Comoros,
2018,COM,Comoros,
2019,COM,Comoros,
2020,COM,Comoros,
2021,COM,Comoros,
2022,COM,Comoros,
2023,COM,Comoros,
2024,COM,Comoros,
1990,CPV,Cabo Verde,0.0
2000,CPV,Cabo Verde,
2015,CPV,Cabo Verde,
2016,CPV,Cabo Verde,
2017,CPV,Cabo Verde,
2018,CPV,Cabo Verde,
2019,CPV,Cabo Verde,
2020,CPV,Cabo Verde,
2021,CPV,Cabo Verde,
2022,CPV,Cabo Verde,
2023,CPV,Cabo Verde,
2024,CPV,Cabo Verde,
1990,CRI,Costa Rica,58.53
2000,CRI,Costa Rica,59.03
2015,CRI,Costa Rica,47.42
2016,CRI,Costa Rica,52.31
2017,CRI,Costa Rica,54.91
2018,CRI,Costa Rica,56.76
2019,CRI,Costa Rica,51.55
2020,CRI,Costa Rica,46.97
2021,CRI,Costa Rica,50.17
2022,CRI,Costa Rica,50.71
2023,CRI,Costa Rica,51.55
2024,CRI,Costa Rica,
1990,CSS,Caribbean small states,76.78267906977932
2000,CSS,Caribbean small states,98.53551034468784
2015,CSS,Caribbean small states,99.57083172577087
2016,CSS,Caribbean small states,99.38550996288933
2017,CSS,Caribbean small states,99.31631681152062
2018,CSS,Caribbean small states,99.28159427110084
2019,CSS,Caribbean small states,99.31807735827212
2020,CSS,Caribbean small states,99.2262499125797
2021,CSS,Caribbean small states,99.24604975466485
2022,CSS,Caribbean small states,99.27488850723701
2023,CSS,Caribbean small states,
2024,CSS,Caribbean small states,
1990,CUB,Cuba,61.69
2000,CUB,Cuba,70.9
2015,CUB,Cuba,84.54
2016,CUB,Cuba,87.66
2017,CUB,Cuba,83.85
2018,CUB,Cuba,80.33
2019,CUB,Cuba,82.53
2020,CUB,Cuba,81.51
2021,CUB,Cuba,84.7
2022,CUB,Cuba,88.08
2023,CUB,Cuba,
2024,CUB,Cuba,
1990,CUW,Curacao,100.0
2000,CUW,Curacao,99.97
2015,CUW,Curacao,99.49
2016,CUW,Curacao,99.38
2017,CUW,Curacao,99.04
2018,CUW,Curacao,98.56
2019,CUW,Curacao,97.87
2020,CUW,Curacao,97.62
2021,CUW,Curacao,97.7
2022,CUW,Curacao,97.85
2023,CUW,Curacao,
2024,CUW,Curacao,
1990,CYM,Cayman Islands,
2000,CYM,Cayman Islands,
2015,CYM,Cayman Islands,
2016,CYM,Cayman Islands,
2017,CYM,Cayman Islands,
2018,CYM,Cayman Islands,
2019,CYM,Cayman Islands,
2020,CYM,Cayman Islands,
2021,CYM,Cayman Islands,
2022,CYM,Cayman Islands,
2023,CYM,Cayman Islands,
2024,CYM,Cayman Islands,
1990,CYP,Cyprus,99.55
2000,CYP,Cyprus,97.87
2015,CYP,Cyprus,91.85
2016,CYP,Cyprus,91.91
2017,CYP,Cyprus,91.17
2018,CYP,Cyprus,90.52
2019,CYP,Cyprus,90.0
2020,CYP,Cyprus,87.61
2021,CYP,Cyprus,86.87
2022,CYP,Cyprus,86.5
2023,CYP,Cyprus,
2024,CYP,Cyprus,
1990,CZE,Czechia,91.22
2000,CZE,Czechia,89.38
2015,CZE,Czechia,75.01
2016,CZE,Czechia,75.96
2017,CZE,Czechia,74.63
2018,CZE,Czechia,73.77
2019,CZE,Czechia,72.23
2020,CZE,Czechia,69.59
2021,CZE,Czechia,70.25
2022,CZE,Czechia,70.25
2023,CZE,Czechia,67.78
2024,CZE,Czechia,
1990,DEU,Germany,86.84
2000,DEU,Germany,83.63
2015,DEU,Germany,79.59
2016,DEU,Germany,80.3
2017,DEU,Germany,80.28
2018,DEU,Germany,79.5
2019,DEU,Germany,78.08
2020,DEU,Germany,76.68
2021,DEU,Germany,77.03
2022,DEU,Germany,78.47
2023,DEU,Germany,77.6
2024,DEU,Germany,
1990,DJI,Djibouti,0.0
2000,DJI,Djibouti,
2015,DJI,Djibouti,
2016,DJI,Djibouti,
2017,DJI,Djibouti,
2018,DJI,Djibouti,
2019,DJI,Djibouti,
2020,DJI,Djibouti,
2021,DJI,Djibouti,
2022,DJI,Djibouti,
2023,DJI,Djibouti,
2024,DJI,Djibouti,
1990,DMA,Dominica,0.0
2000,DMA,Dominica,
2015,DMA,Dominica,
2016,DMA,Dominica,
2017,DMA,Dominica,
2018,DMA,Dominica,
2019,DMA,Dominica,
2020,DMA,Dominica,
2021,DMA,Dominica,
2022,DMA,Dominica,
2023,DMA,Dominica,
2024,DMA,Dominica,
1990,DNK,Denmark,89.59
2000,DNK,Denmark,88.28
2015,DNK,Denmark,64.78
2016,DNK,Denmark,64.89
2017,DNK,Denmark,62.0
2018,DNK,Denmark,61.92
2019,DNK,Denmark,58.52
2020,DNK,Denmark,55.01
2021,DNK,Denmark,53.53
2022,DNK,Denmark,54.36
2023,DNK,Denmark,50.01
2024,DNK,Denmark,
1990,DOM,Dominican Republic,76.49
2000,DOM,Dominican Republic,87.39
2015,DOM,Dominican Republic,89.01
2016,DOM,Dominican Republic,88.6
2017,DOM,Dominican Republic,86.88
2018,DOM,Dominican Republic,87.6
2019,DOM,Dominican Republic,88.9
2020,DOM,Dominican Republic,87.34
2021,DOM,Dominican Republic,88.12
2022,DOM,Dominican Republic,89.36
2023,DOM,Dominican Republic,
2024,DOM,Dominican Republic,
1990,DZA,Algeria,99.94
2000,DZA,Algeria,99.81
2015,DZA,Algeria,99.96
2016,DZA,Algeria,99.98
2017,DZA,Algeria,99.94
2018,DZA,Algeria,99.87
2019,DZA,Algeria,99.89
2020,DZA,Algeria,99.89
2021,DZA,Algeria,100.0
2022,DZA,Algeria,100.0
2023,DZA,Algeria,
2024,DZA,Algeria,
1990,EAP,East Asia & Pacific (excluding high income),72.98294745701645
2000,EAP,East Asia & Pacific (excluding high income),78.49645253720588
2015,EAP,East Asia & Pacific (excluding high income),88.32085651366545
2016,EAP,East Asia & Pacific (excluding high income),87.48087174149106
2017,EAP,East Asia & Pacific (excluding high income),87.11011443186443
2018,EAP,East Asia & Pacific (excluding high income),86.70548185579393
2019,EAP,East Asia & Pacific (excluding high income),86.41966498841323
2020,EAP,East Asia & Pacific (excluding high income),86.16074692337439
2021,EAP,East Asia & Pacific (excluding high income),85.85882060492561
2022,EAP,East Asia & Pacific (excluding high income),85.44428146209196
2023,EAP,East Asia & Pacific (excluding high income),
2024,EAP,East Asia & Pacific (excluding high income),
1990,EAR,Early-demographic dividend,73.72588182080185
2000,EAR,Early-demographic dividend,78.47277467773162
2015,EAR,Early-demographic dividend,82.5543980043324
2016,EAR,Early-demographic dividend,82.38800834463946
2017,EAR,Early-demographic dividend,82.41951119776019
2018,EAR,Early-demographic dividend,81.9414813796362
2019,EAR,Early-demographic dividend,81.78703455437253
2020,EAR,Early-demographic dividend,80.68555267626972
2021,EAR,Early-demographic dividend,81.29224430761337
2022,EAR,Early-demographic dividend,81.21964579304684
2023,EAR,Early-demographic dividend,86.00194961932173
2024,EAR,Early-demographic dividend,
1990,EAS,East Asia & Pacific,77.80791888006448
2000,EAS,East Asia & Pacific,80.55370017979082
2015,EAS,East Asia & Pacific,88.54726433405835
2016,EAS,East Asia & Pacific,87.85925516570576
2017,EAS,East Asia & Pacific,87.55119272660576
2018,EAS,East Asia & Pacific,87.04747803667935
2019,EAS,East Asia & Pacific,86.64601435248147
2020,EAS,East Asia & Pacific,86.36168976539773
2021,EAS,East Asia & Pacific,85.99667895567843
2022,EAS,East Asia & Pacific,85.54178274353605
2023,EAS,East Asia & Pacific,83.05568347206953
2024,EAS,East Asia & Pacific,
1990,ECA,Europe & Central Asia (excluding high income),93.44248998244824
2000,ECA,Europe & Central Asia (excluding high income),88.76485762863231
2015,ECA,Europe & Central Asia (excluding high income),86.84535090222381
2016,ECA,Europe & Central Asia (excluding high income),87.17679617501945
2017,ECA,Europe & Central Asia (excluding high income),87.14418605746887
2018,ECA,Europe & Central Asia (excluding high income),86.98513072461118
2019,ECA,Europe & Central Asia (excluding high income),85.97313862858049
2020,ECA,Europe & Central Asia (excluding high income),85.6371172773171
2021,ECA,Europe & Central Asia (excluding high income),85.72139161638452
2022,ECA,Europe & Central Asia (excluding high income),85.84754094415223
2023,ECA,Europe & Central Asia (excluding high income),81.35
2024,ECA,Europe & Central Asia (excluding high income),
1990,ECS,Europe & Central Asia,87.18200648918926
2000,ECS,Europe & Central Asia,82.66379264102211
2015,ECS,Europe & Central Asia,77.87018543418016
2016,ECS,Europe & Central Asia,78.15276680646403
2017,ECS,Europe & Central Asia,78.29315770517142
2018,ECS,Europe & Central Asia,77.96893051935368
2019,ECS,Europe & Central Asia,77.07931082253361
2020,ECS,Europe & Central Asia,76.41757494146749
2021,ECS,Europe & Central Asia,77.10865012898519
2022,ECS,Europe & Central Asia,77.54099054675912
2023,ECS,Europe & Central Asia,67.81011532571893
2024,ECS,Europe & Central Asia,
1990,ECU,Ecuador,78.21
2000,ECU,Ecuador,83.36
2015,ECU,Ecuador,88.71
2016,ECU,Ecuador,87.01
2017,ECU,Ecuador,84.67
2018,ECU,Ecuador,84.35
2019,ECU,Ecuador,83.8
2020,ECU,Ecuador,81.42
2021,ECU,Ecuador,82.77
2022,ECU,Ecuador,83.97
2023,ECU,Ecuador,
2024,ECU,Ecuador,
1990,EGY,"Egypt, Arab Rep.",90.28
2000,EGY,"Egypt, Arab Rep.",90.37
2015,EGY,"Egypt, Arab Rep.",94.33
2016,EGY,"Egypt, Arab Rep.",94.79
2017,EGY,"Egypt, Arab Rep.",94.99
2018,EGY,"Egypt, Arab Rep.",94.75
2019,EGY,"Egypt, Arab Rep.",94.11
2020,EGY,"Egypt, Arab Rep.",93.93
2021,EGY,"Egypt, Arab Rep.",94.57
2022,EGY,"Egypt, Arab Rep.",94.71
2023,EGY,"Egypt, Arab Rep.",
2024,EGY,"Egypt, Arab Rep.",
1990,EMU,Euro area,80.23153862413433
2000,EMU,Euro area,77.285356573459
2015,EMU,Euro area,70.23775435195382
2016,EMU,Euro area,70.66247755390881
2017,EMU,Euro area,71.1287065406595
2018,EMU,Euro area,70.05031579418961
2019,EMU,Euro area,69.33902285758617
2020,EMU,Euro area,68.0685539344089
2021,EMU,Euro area,67.96171993507335
2022,EMU,Euro area,69.01647738364598
2023,EMU,Euro area,66.56801485829462
2024,EMU,Euro area,
1990,ERI,Eritrea,
2000,ERI,Eritrea,28.23
2015,ERI,Eritrea,19.29
2016,ERI,Eritrea,18.99
2017,ERI,Eritrea,19.01
2018,ERI,Eritrea,20.53
2019,ERI,Eritrea,21.25
2020,ERI,Eritrea,21.18
2021,ERI,Eritrea,21.74
2022,ERI,Eritrea,22.43
2023,ERI,Eritrea,
2024,ERI,Eritrea,
1990,ESP,Spain,77.37
2000,ESP,Spain,80.56
2015,ESP,Spain,73.07
2016,ESP,Spain,71.99
2017,ESP,Spain,74.17
2018,ESP,Spain,73.17
2019,ESP,Spain,72.1
2020,ESP,Spain,68.7
2021,ESP,Spain,70.32
2022,ESP,Spain,71.76
2023,ESP,Spain,68.51
2024,ESP,Spain,
1990,EST,Estonia,100.0
2000,EST,Estonia,90.82
2015,EST,Estonia,81.45
2016,EST,Estonia,85.52
2017,EST,Estonia,84.87
2018,EST,Estonia,81.91
2019,EST,Estonia,71.04
2020,EST,Estonia,62.75
2021,EST,Estonia,65.31
2022,EST,Estonia,69.95
2023,EST,Estonia,60.93
2024,EST,Estonia,
1990,ETH,Ethiopia,4.64
2000,ETH,Ethiopia,4.43
2015,ETH,Ethiopia,8.18
2016,ETH,Ethiopia,8.99
2017,ETH,Ethiopia,8.9
2018,ETH,Ethiopia,9.61
2019,ETH,Ethiopia,10.34
2020,ETH,Ethiopia,9.5
2021,ETH,Ethiopia,10.24
2022,ETH,Ethiopia,9.69
2023,ETH,Ethiopia,
2024,ETH,Ethiopia,
1990,EUU,European Union,81.37788699454339
2000,EUU,European Union,77.72235211813388
2015,EUU,European Union,70.26535585039328
2016,EUU,European Union,70.58474215076869
2017,EUU,European Union,70.95838448564069
2018,EUU,European Union,69.91560046266024
2019,EUU,European Union,69.04690860603908
2020,EUU,European Union,67.82970707358145
2021,EUU,European Union,67.94571157430532
2022,EUU,European Union,68.67534587647927
2023,EUU,European Union,66.26277785671289
2024,EUU,European Union,
1990,FCS,Fragile and conflict affected situations,76.50405964990888
2000,FCS,Fragile and conflict affected situations,67.6528393719543
2015,FCS,Fragile and conflict affected situations,59.22265061861214
2016,FCS,Fragile and conflict affected situations,59.38375567089723
2017,FCS,Fragile and conflict affected situations,59.2382373437574
2018,FCS,Fragile and conflict affected situations,58.15363059614936
2019,FCS,Fragile and conflict affected situations,58.68537856725568
2020,FCS,Fragile and conflict affected situations,54.47492097592153
2021,FCS,Fragile and conflict affected situations,55.04480654730057
2022,FCS,Fragile and conflict affected situations,54.60261786792873
2023,FCS,Fragile and conflict affected situations,
2024,FCS,Fragile and conflict affected situations,
1990,FIN,Finland,59.76
2000,FIN,Finland,54.41
2015,FIN,Finland,43.46
2016,FIN,Finland,44.22
2017,FIN,Finland,42.22
2018,FIN,Finland,42.34
2019,FIN,Finland,39.79
2020,FIN,Finland,39.27
2021,FIN,Finland,36.31
2022,FIN,Finland,35.74
2023,FIN,Finland,32.66
2024,FIN,Finland,
1990,FJI,Fiji,0.0
2000,FJI,Fiji,
2015,FJI,Fiji,
2016,FJI,Fiji,
2017,FJI,Fiji,
2018,FJI,Fiji,
2019,FJI,Fiji,
2020,FJI,Fiji,
2021,FJI,Fiji,
2022,FJI,Fiji,
2023,FJI,Fiji,
2024,FJI,Fiji,
1990,FRA,France,58.15
2000,FRA,France,52.81
2015,FRA,France,47.41
2016,FRA,France,48.52
2017,FRA,France,49.16
2018,FRA,France,47.31
2019,FRA,France,47.74
2020,FRA,France,46.85
2021,FRA,France,47.34
2022,FRA,France,49.71
2023,FRA,France,46.47
2024,FRA,France,
1990,FRO,Faroe Islands,
2000,FRO,Faroe Islands,
2015,FRO,Faroe Islands,
2016,FRO,Faroe Islands,
2017,FRO,Faroe Islands,
2018,FRO,Faroe Islands,
2019,FRO,Faroe Islands,
2020,FRO,Faroe Islands,
2021,FRO,Faroe Islands,
2022,FRO,Faroe Islands,
2023,FRO,Faroe Islands,
2024,FRO,Faroe Islands,
1990,FSM,"Micronesia, Fed. Sts.",
2000,FSM,"Micronesia, Fed. Sts.",
2015,FSM,"Micronesia, Fed. Sts.",
2016,FSM,"Micronesia, Fed. Sts.",
2017,FSM,"Micronesia, Fed. Sts.",
2018,FSM,"Micronesia, Fed. Sts.",
2019,FSM,"Micronesia, Fed. Sts.",
2020,FSM,"Micronesia, Fed. Sts.",
2021,FSM,"Micronesia, Fed. Sts.",
2022,FSM,"Micronesia, Fed. Sts.",
2023,FSM,"Micronesia, Fed. Sts.",
2024,FSM,"Micronesia, Fed. Sts.",
1990,GAB,Gabon,32.01
2000,GAB,Gabon,32.43
2015,GAB,Gabon,24.88
2016,GAB,Gabon,25.4
2017,GAB,Gabon,19.91
2018,GAB,Gabon,22.86
2019,GAB,Gabon,21.7
2020,GAB,Gabon,21.04
2021,GAB,Gabon,21.52
2022,GAB,Gabon,22.83
2023,GAB,Gabon,
2024,GAB,Gabon,
1990,GBR,United Kingdom,90.65
2000,GBR,United Kingdom,88.41
2015,GBR,United Kingdom,80.84
2016,GBR,United Kingdom,79.95
2017,GBR,United Kingdom,79.08
2018,GBR,United Kingdom,78.28
2019,GBR,United Kingdom,77.87
2020,GBR,United Kingdom,76.21
2021,GBR,United Kingdom,77.54
2022,GBR,United Kingdom,77.21
2023,GBR,United Kingdom,75.54
2024,GBR,United Kingdom,
1990,GEO,Georgia,88.84
2000,GEO,Georgia,59.01
2015,GEO,Georgia,75.55
2016,GEO,Georgia,75.19
2017,GEO,Georgia,74.39
2018,GEO,Georgia,74.57
2019,GEO,Georgia,77.24
2020,GEO,Georgia,77.97
2021,GEO,Georgia,75.86
2022,GEO,Georgia,78.88
2023,GEO,Georgia,
2024,GEO,Georgia,
1990,GHA,Ghana,18.23
2000,GHA,Ghana,28.9
2015,GHA,Ghana,56.72
2016,GHA,Ghana,57.11
2017,GHA,Ghana,51.77
2018,GHA,Ghana,56.96
2019,GHA,Ghana,58.18
2020,GHA,Ghana,61.51
2021,GHA,Ghana,65.39
2022,GHA,Ghana,62.0
2023,GHA,Ghana,
2024,GHA,Ghana,
1990,GIB,Gibraltar,100.0
2000,GIB,Gibraltar,100.0
2015,GIB,Gibraltar,100.0
2016,GIB,Gibraltar,100.0
2017,GIB,Gibraltar,100.0
2018,GIB,Gibraltar,100.0
2019,GIB,Gibraltar,100.0
2020,GIB,Gibraltar,100.0
2021,GIB,Gibraltar,99.99
2022,GIB,Gibraltar,100.0
2023,GIB,Gibraltar,
2024,GIB,Gibraltar,
1990,GIN,Guinea,
2000,GIN,Guinea,
2015,GIN,Guinea,
2016,GIN,Guinea,
2017,GIN,Guinea,
2018,GIN,Guinea,
2019,GIN,Guinea,
2020,GIN,Guinea,
2021,GIN,Guinea,
2022,GIN,Guinea,
2023,GIN,Guinea,
2024,GIN,Guinea,
1990,GMB,"Gambia, The",0.0
2000,GMB,"Gambia, The",
2015,GMB,"Gambia, The",
2016,GMB,"Gambia, The",
2017,GMB,"Gambia, The",
2018,GMB,"Gambia, The",
2019,GMB,"Gambia, The",
2020,GMB,"Gambia, The",
2021,GMB,"Gambia, The",
2022,GMB,"Gambia, The",
2023,GMB,"Gambia, The",
2024,GMB,"Gambia, The",
1990,GNB,Guinea-Bissau,0.0
2000,GNB,Guinea-Bissau,
2015,GNB,Guinea-Bissau,
2016,GNB,Guinea-Bissau,
2017,GNB,Guinea-Bissau,
2018,GNB,Guinea-Bissau,
2019,GNB,Guinea-Bissau,
2020,GNB,Guinea-Bissau,
2021,GNB,Guinea-Bissau,
2022,GNB,Guinea-Bissau,
2023,GNB,Guinea-Bissau,
2024,GNB,Guinea-Bissau,
1990,GNQ,Equatorial Guinea,18.13
2000,GNQ,Equatorial Guinea,54.15
2015,GNQ,Equatorial Guinea,92.17
2016,GNQ,Equatorial Guinea,93.26
2017,GNQ,Equatorial Guinea,92.53
2018,GNQ,Equatorial Guinea,93.4
2019,GNQ,Equatorial Guinea,92.91
2020,GNQ,Equatorial Guinea,91.96
2021,GNQ,Equatorial Guinea,93.29
2022,GNQ,Equatorial Guinea,93.37
2023,GNQ,Equatorial Guinea,
2024,GNQ,Equatorial Guinea,
1990,GRC,Greece,94.56
2000,GRC,Greece,94.39
2015,GRC,Greece,83.86
2016,GRC,Greece,84.54
2017,GRC,Greece,86.34
2018,GRC,Greece,84.9
2019,GRC,Greece,83.16
2020,GRC,Greece,81.17
2021,GRC,Greece,81.81
2022,GRC,Greece,81.71
2023,GRC,Greece,79.08
2024,GRC,Greece,
1990,GRD,Grenada,0.0
2000,GRD,Grenada,
2015,GRD,Grenada,
2016,GRD,Grenada,
2017,GRD,Grenada,
2018,GRD,Grenada,
2019,GRD,Grenada,
2020,GRD,Grenada,
2021,GRD,Grenada,
2022,GRD,Grenada,
2023,GRD,Grenada,
2024,GRD,Grenada,
1990,GRL,Greenland,
2000,GRL,Greenland,
2015,GRL,Greenland,
2016,GRL,Greenland,
2017,GRL,Greenland,
2018,GRL,Greenland,
2019,GRL,Greenland,
2020,GRL,Greenland,
2021,GRL,Greenland,
2022,GRL,Greenland,
2023,GRL,Greenland,
2024,GRL,Greenland,
1990,GTM,Guatemala,27.86
2000,GTM,Guatemala,41.43
2015,GTM,Guatemala,37.37
2016,GTM,Guatemala,37.09
2017,GTM,Guatemala,35.21
2018,GTM,Guatemala,37.67
2019,GTM,Guatemala,38.62
2020,GTM,Guatemala,34.51
2021,GTM,Guatemala,35.64
2022,GTM,Guatemala,34.57
2023,GTM,Guatemala,
2024,GTM,Guatemala,
1990,GUM,Guam,
2000,GUM,Guam,
2015,GUM,Guam,
2016,GUM,Guam,
2017,GUM,Guam,
2018,GUM,Guam,
2019,GUM,Guam,
2020,GUM,Guam,
2021,GUM,Guam,
2022,GUM,Guam,
2023,GUM,Guam,
2024,GUM,Guam,
1990,GUY,Guyana,0.0
2000,GUY,Guyana,
2015,GUY,Guyana,
2016,GUY,Guyana,
2017,GUY,Guyana,
2018,GUY,Guyana,
2019,GUY,Guyana,
2020,GUY,Guyana,
2021,GUY,Guyana,
2022,GUY,Guyana,
2023,GUY,Guyana,
2024,GUY,Guyana,
1990,HIC,High income,85.71681436872738
2000,HIC,High income,83.94411630367878
2015,HIC,High income,82.28302485952764
2016,HIC,High income,82.16780074174962
2017,HIC,High income,82.0973146858929
2018,HIC,High income,81.80724410605272
2019,HIC,High income,81.33697532893024
2020,HIC,High income,80.56275960566961
2021,HIC,High income,80.8794834099815
2022,HIC,High income,81.07089306886088
2023,HIC,High income,76.94148592138329
2024,HIC,High income,
1990,HKG,"Hong Kong SAR, China",100.0
2000,HKG,"Hong Kong SAR, China",94.48
2015,HKG,"Hong Kong SAR, China",93.19
2016,HKG,"Hong Kong SAR, China",93.41
2017,HKG,"Hong Kong SAR, China",92.19
2018,HKG,"Hong Kong SAR, China",91.96
2019,HKG,"Hong Kong SAR, China",91.45
2020,HKG,"Hong Kong SAR, China",90.26
2021,HKG,"Hong Kong SAR, China",90.23
2022,HKG,"Hong Kong SAR, China",89.47
2023,HKG,"Hong Kong SAR, China",
2024,HKG,"Hong Kong SAR, China",
1990,HND,Honduras,30.01
2000,HND,Honduras,48.11
2015,HND,Honduras,53.87
2016,HND,Honduras,49.14
2017,HND,Honduras,52.9
2018,HND,Honduras,50.24
2019,HND,Honduras,52.55
2020,HND,Honduras,51.21
2021,HND,Honduras,53.21
2022,HND,Honduras,54.72
2023,HND,Honduras,
2024,HND,Honduras,
1990,HPC,Heavily indebted poor countries (HIPC),13.285263127840206
2000,HPC,Heavily indebted poor countries (HIPC),15.135289175479828
2015,HPC,Heavily indebted poor countries (HIPC),22.844114308899684
2016,HPC,Heavily indebted poor countries (HIPC),23.031880541254683
2017,HPC,Heavily indebted poor countries (HIPC),22.959146490891285
2018,HPC,Heavily indebted poor countries (HIPC),23.573164526118116
2019,HPC,Heavily indebted poor countries (HIPC),23.85835235665599
2020,HPC,Heavily indebted poor countries (HIPC),22.52111030135854
2021,HPC,Heavily indebted poor countries (HIPC),23.203423904914512
2022,HPC,Heavily indebted poor countries (HIPC),23.496956004838268
2023,HPC,Heavily indebted poor countries (HIPC),
2024,HPC,Heavily indebted poor countries (HIPC),
1990,HRV,Croatia,81.08
2000,HRV,Croatia,77.98
2015,HRV,Croatia,69.54
2016,HRV,Croatia,70.55
2017,HRV,Croatia,71.32
2018,HRV,Croatia,68.76
2019,HRV,Croatia,68.82
2020,HRV,Croatia,68.25
2021,HRV,Croatia,66.42
2022,HRV,Croatia,67.97
2023,HRV,Croatia,
2024,HRV,Croatia,
1990,HTI,Haiti,12.8
2000,HTI,Haiti,18.8
2015,HTI,Haiti,21.19
2016,HTI,Haiti,22.82
2017,HTI,Haiti,23.24
2018,HTI,Haiti,24.64
2019,HTI,Haiti,22.76
2020,HTI,Haiti,24.16
2021,HTI,Haiti,25.42
2022,HTI,Haiti,21.7
2023,HTI,Haiti,
2024,HTI,Haiti,
1990,HUN,Hungary,81.61
2000,HUN,Hungary,80.54
2015,HUN,Hungary,66.2
2016,HUN,Hungary,66.61
2017,HUN,Hungary,68.02
2018,HUN,Hungary,68.38
2019,HUN,Hungary,68.28
2020,HUN,Hungary,67.86
2021,HUN,Hungary,67.9
2022,HUN,Hungary,66.04
2023,HUN,Hungary,64.22
2024,HUN,Hungary,
1990,IBD,IBRD only,82.08232790058692
2000,IBD,IBRD only,81.62465240855319
2015,IBD,IBRD only,85.9114184990902
2016,IBD,IBRD only,85.376984019704
2017,IBD,IBRD only,85.14630931902201
2018,IBD,IBRD only,84.83491908414433
2019,IBD,IBRD only,84.50039206331871
2020,IBD,IBRD only,83.89729715795904
2021,IBD,IBRD only,84.21834258330023
2022,IBD,IBRD only,83.90971107055044
2023,IBD,IBRD only,70.19722706783486
2024,IBD,IBRD only,
1990,IBT,IDA & IBRD total,79.1190504300312
2000,IBT,IDA & IBRD total,78.3076139571468
2015,IBT,IDA & IBRD total,82.81523124046383
2016,IBT,IDA & IBRD total,82.3376182337729
2017,IBT,IDA & IBRD total,82.18512925632372
2018,IBT,IDA & IBRD total,81.95069433814086
2019,IBT,IDA & IBRD total,81.66553413334036
2020,IBT,IDA & IBRD total,81.00957843389426
2021,IBT,IDA & IBRD total,81.39118612949311
2022,IBT,IDA & IBRD total,81.05731529395715
2023,IBT,IDA & IBRD total,68.44036365131653
2024,IBT,IDA & IBRD total,
1990,IDA,IDA total,43.872834761502574
2000,IDA,IDA total,44.22222593159546
2015,IDA,IDA total,44.32424274736531
2016,IDA,IDA total,45.595007345002486
2017,IDA,IDA total,46.14574742791982
2018,IDA,IDA total,46.24047437261087
2019,IDA,IDA total,46.68491343997775
2020,IDA,IDA total,46.69191698290511
2021,IDA,IDA total,47.12576462550869
2022,IDA,IDA total,46.48182047456432
2023,IDA,IDA total,19.77
2024,IDA,IDA total,
1990,IDB,IDA blend,61.2811973913749
2000,IDB,IDA blend,61.52038677380316
2015,IDB,IDA blend,57.748538187685504
2016,IDB,IDA blend,58.98009970362096
2017,IDB,IDA blend,59.3219596950001
2018,IDB,IDA blend,59.35797584781749
2019,IDB,IDA blend,59.686468989863954
2020,IDB,IDA blend,60.762661943929565
2021,IDB,IDA blend,60.8234187484621
2022,IDB,IDA blend,59.9072661609842
2023,IDB,IDA blend,19.77
2024,IDB,IDA blend,
1990,IDN,Indonesia,62.25
2000,IDN,Indonesia,76.19
2015,IDN,Indonesia,82.09
2016,IDN,Indonesia,81.4
2017,IDN,Indonesia,81.01
2018,IDN,Indonesia,79.23
2019,IDN,Indonesia,79.64
2020,IDN,Indonesia,76.39
2021,IDN,Indonesia,75.94
2022,IDN,Indonesia,77.18
2023,IDN,Indonesia,
2024,IDN,Indonesia,
1990,IDX,IDA only,27.292091826602096
2000,IDX,IDA only,28.689959634083745
2015,IDX,IDA only,33.87070789311215
2016,IDX,IDA only,35.13566626895953
2017,IDX,IDA only,35.93143666793472
2018,IDX,IDA only,36.29939102256508
2019,IDX,IDA only,36.896351110047505
2020,IDX,IDA only,35.91201869014535
2021,IDX,IDA only,36.37456055141482
2022,IDX,IDA only,36.0169912437056
2023,IDX,IDA only,
2024,IDX,IDA only,
1990,IMN,Isle of Man,
2000,IMN,Isle of Man,
2015,IMN,Isle of Man,
2016,IMN,Isle of Man,
2017,IMN,Isle of Man,
2018,IMN,Isle of Man,
2019,IMN,Isle of Man,
2020,IMN,Isle of Man,
2021,IMN,Isle of Man,
2022,IMN,Isle of Man,
2023,IMN,Isle of Man,
2024,IMN,Isle of Man,
1990,IND,India,58.67
2000,IND,India,67.24
2015,IND,India,76.42
2016,IND,India,75.81
2017,IND,India,75.78
2018,IND,India,75.95
2019,IND,India,75.36
2020,IND,India,73.34
2021,IND,India,74.46
2022,IND,India,74.94
2023,IND,India,
2024,IND,India,
1990,INX,Not classified,
2000,INX,Not classified,
2015,INX,Not classified,
2016,INX,Not classified,
2017,INX,Not classified,
2018,INX,Not classified,
2019,INX,Not classified,
2020,INX,Not classified,
2021,INX,Not classified,
2022,INX,Not classified,
2023,INX,Not classified,
2024,INX,Not classified,
1990,IRL,Ireland,98.31
2000,IRL,Ireland,98.24
2015,IRL,Ireland,90.68
2016,IRL,Ireland,92.06
2017,IRL,Ireland,90.16
2018,IRL,Ireland,88.55
2019,IRL,Ireland,86.87
2020,IRL,Ireland,85.91
2021,IRL,Ireland,86.58
2022,IRL,Ireland,85.84
2023,IRL,Ireland,82.36
2024,IRL,Ireland,
1990,IRN,"Iran, Islamic Rep.",98.93
2000,IRN,"Iran, Islamic Rep.",99.66
2015,IRN,"Iran, Islamic Rep.",99.0
2016,IRN,"Iran, Islamic Rep.",98.56
2017,IRN,"Iran, Islamic Rep.",98.66
2018,IRN,"Iran, Islamic Rep.",98.58
2019,IRN,"Iran, Islamic Rep.",98.39
2020,IRN,"Iran, Islamic Rep.",98.81
2021,IRN,"Iran, Islamic Rep.",99.12
2022,IRN,"Iran, Islamic Rep.",98.76
2023,IRN,"Iran, Islamic Rep.",
2024,IRN,"Iran, Islamic Rep.",
1990,IRQ,Iraq,98.77
2000,IRQ,Iraq,99.69
2015,IRQ,Iraq,96.28
2016,IRQ,Iraq,97.57
2017,IRQ,Iraq,98.11
2018,IRQ,Iraq,98.71
2019,IRQ,Iraq,97.94
2020,IRQ,Iraq,97.76
2021,IRQ,Iraq,98.2
2022,IRQ,Iraq,98.7
2023,IRQ,Iraq,
2024,IRQ,Iraq,
1990,ISL,Iceland,29.82
2000,ISL,Iceland,24.76
2015,ISL,Iceland,11.67
2016,ISL,Iceland,12.5
2017,ISL,Iceland,11.73
2018,ISL,Iceland,11.3
2019,ISL,Iceland,11.2
2020,ISL,Iceland,10.34
2021,ISL,Iceland,11.11
2022,ISL,Iceland,11.69
2023,ISL,Iceland,10.33
2024,ISL,Iceland,
1990,ISR,Israel,97.19
2000,ISR,Israel,97.36
2015,ISR,Israel,99.53
2016,ISR,Israel,99.38
2017,ISR,Israel,99.28
2018,ISR,Israel,99.38
2019,ISR,Israel,98.47
2020,ISR,Israel,97.84
2021,ISR,Israel,97.42
2022,ISR,Israel,97.3
2023,ISR,Israel,96.52
2024,ISR,Israel,
1990,ITA,Italy,93.44
2000,ITA,Italy,91.73
2015,ITA,Italy,79.41
2016,ITA,Italy,79.87
2017,ITA,Italy,80.09
2018,ITA,Italy,79.02
2019,ITA,Italy,78.87
2020,ITA,Italy,77.58
2021,ITA,Italy,78.28
2022,ITA,Italy,78.73
2023,ITA,Italy,76.77
2024,ITA,Italy,
1990,JAM,Jamaica,88.06
2000,JAM,Jamaica,92.56
2015,JAM,Jamaica,89.04
2016,JAM,Jamaica,90.42
2017,JAM,Jamaica,89.92
2018,JAM,Jamaica,91.16
2019,JAM,Jamaica,91.8
2020,JAM,Jamaica,90.03
2021,JAM,Jamaica,90.97
2022,JAM,Jamaica,92.07
2023,JAM,Jamaica,
2024,JAM,Jamaica,
1990,JOR,Jordan,98.13
2000,JOR,Jordan,98.46
2015,JOR,Jordan,97.38
2016,JOR,Jordan,96.17
2017,JOR,Jordan,96.04
2018,JOR,Jordan,94.42
2019,JOR,Jordan,93.71
2020,JOR,Jordan,92.16
2021,JOR,Jordan,90.74
2022,JOR,Jordan,91.07
2023,JOR,Jordan,
2024,JOR,Jordan,
1990,JPN,Japan,84.6
2000,JPN,Japan,80.59
2015,JPN,Japan,93.38
2016,JPN,Japan,92.58
2017,JPN,Japan,91.15
2018,JPN,Japan,88.7
2019,JPN,Japan,88.21
2020,JPN,Japan,88.93
2021,JPN,Japan,86.74
2022,JPN,Japan,87.31
2023,JPN,Japan,84.82
2024,JPN,Japan,
1990,KAZ,Kazakhstan,96.95
2000,KAZ,Kazakhstan,97.25
2015,KAZ,Kazakhstan,98.45
2016,KAZ,Kazakhstan,98.45
2017,KAZ,Kazakhstan,98.92
2018,KAZ,Kazakhstan,99.0
2019,KAZ,Kazakhstan,98.59
2020,KAZ,Kazakhstan,98.43
2021,KAZ,Kazakhstan,98.46
2022,KAZ,Kazakhstan,98.15
2023,KAZ,Kazakhstan,
2024,KAZ,Kazakhstan,
1990,KEN,Kenya,17.63
2000,KEN,Kenya,18.81
2015,KEN,Kenya,18.71
2016,KEN,Kenya,19.56
2017,KEN,Kenya,20.46
2018,KEN,Kenya,20.44
2019,KEN,Kenya,20.18
2020,KEN,Kenya,19.56
2021,KEN,Kenya,20.8
2022,KEN,Kenya,20.2
2023,KEN,Kenya,19.77
2024,KEN,Kenya,
1990,KGZ,Kyrgyz Republic,93.53
2000,KGZ,Kyrgyz Republic,62.79
2015,KGZ,Kyrgyz Republic,74.77
2016,KGZ,Kyrgyz Republic,74.05
2017,KGZ,Kyrgyz Republic,70.92
2018,KGZ,Kyrgyz Republic,74.36
2019,KGZ,Kyrgyz Republic,70.31
2020,KGZ,Kyrgyz Republic,68.07
2021,KGZ,Kyrgyz Republic,70.29
2022,KGZ,Kyrgyz Republic,72.86
2023,KGZ,Kyrgyz Republic,
2024,KGZ,Kyrgyz Republic,
1990,KHM,Cambodia,
2000,KHM,Cambodia,20.39
2015,KHM,Cambodia,41.64
2016,KHM,Cambodia,45.56
2017,KHM,Cambodia,46.83
2018,KHM,Cambodia,47.16
2019,KHM,Cambodia,51.91
2020,KHM,Cambodia,56.33
2021,KHM,Cambodia,55.82
2022,KHM,Cambodia,54.93
2023,KHM,Cambodia,
2024,KHM,Cambodia,
1990,KIR,Kiribati,0.0
2000,KIR,Kiribati,
2015,KIR,Kiribati,
2016,KIR,Kiribati,
2017,KIR,Kiribati,
2018,KIR,Kiribati,
2019,KIR,Kiribati,
2020,KIR,Kiribati,
2021,KIR,Kiribati,
2022,KIR,Kiribati,
2023,KIR,Kiribati,
2024,KIR,Kiribati,
1990,KNA,St. Kitts and Nevis,0.0
2000,KNA,St. Kitts and Nevis,
2015,KNA,St. Kitts and Nevis,
2016,KNA,St. Kitts and Nevis,
2017,KNA,St. Kitts and Nevis,
2018,KNA,St. Kitts and Nevis,
2019,KNA,St. Kitts and Nevis,
2020,KNA,St. Kitts and Nevis,
2021,KNA,St. Kitts and Nevis,
2022,KNA,St. Kitts and Nevis,
2023,KNA,St. Kitts and Nevis,
2024,KNA,St. Kitts and Nevis,
1990,KOR,"Korea, Rep.",83.17
2000,KOR,"Korea, Rep.",83.77
2015,KOR,"Korea, Rep.",81.38
2016,KOR,"Korea, Rep.",81.98
2017,KOR,"Korea, Rep.",83.17
2018,KOR,"Korea, Rep.",84.74
2019,KOR,"Korea, Rep.",83.07
2020,KOR,"Korea, Rep.",81.05
2021,KOR,"Korea, Rep.",82.19
2022,KOR,"Korea, Rep.",79.89
2023,KOR,"Korea, Rep.",79.05
2024,KOR,"Korea, Rep.",
1990,KWT,Kuwait,99.93
2000,KWT,Kuwait,100.0
2015,KWT,Kuwait,99.99
2016,KWT,Kuwait,99.99
2017,KWT,Kuwait,99.99
2018,KWT,Kuwait,99.99
2019,KWT,Kuwait,99.93
2020,KWT,Kuwait,99.88
2021,KWT,Kuwait,99.89
2022,KWT,Kuwait,99.92
2023,KWT,Kuwait,
2024,KWT,Kuwait,
1990,LAC,Latin America & Caribbean (excluding high income),68.4072452407468
2000,LAC,Latin America & Caribbean (excluding high income),72.56103116738323
2015,LAC,Latin America & Caribbean (excluding high income),72.06486591740753
2016,LAC,Latin America & Caribbean (excluding high income),71.21211153911383
2017,LAC,Latin America & Caribbean (excluding high income),70.52419977417415
2018,LAC,Latin America & Caribbean (excluding high income),69.53796998558069
2019,LAC,Latin America & Caribbean (excluding high income),69.38059583010858
2020,LAC,Latin America & Caribbean (excluding high income),67.24665111583259
2021,LAC,Latin America & Caribbean (excluding high income),69.46997458384413
2022,LAC,Latin America & Caribbean (excluding high income),68.38413229210138
2023,LAC,Latin America & Caribbean (excluding high income),64.69862732711962
2024,LAC,Latin America & Caribbean (excluding high income),
1990,LAO,Lao PDR,
2000,LAO,Lao PDR,17.45
2015,LAO,Lao PDR,50.96
2016,LAO,Lao PDR,70.96
2017,LAO,Lao PDR,78.07
2018,LAO,Lao PDR,78.72
2019,LAO,Lao PDR,76.2
2020,LAO,Lao PDR,74.73
2021,LAO,Lao PDR,74.45
2022,LAO,Lao PDR,74.9
2023,LAO,Lao PDR,
2024,LAO,Lao PDR,
1990,LBN,Lebanon,92.54
2000,LBN,Lebanon,94.04
2015,LBN,Lebanon,97.07
2016,LBN,Lebanon,97.4
2017,LBN,Lebanon,96.96
2018,LBN,Lebanon,97.01
2019,LBN,Lebanon,96.58
2020,LBN,Lebanon,95.8
2021,LBN,Lebanon,93.89
2022,LBN,Lebanon,89.18
2023,LBN,Lebanon,
2024,LBN,Lebanon,
1990,LBR,Liberia,
2000,LBR,Liberia,
2015,LBR,Liberia,
2016,LBR,Liberia,
2017,LBR,Liberia,
2018,LBR,Liberia,
2019,LBR,Liberia,
2020,LBR,Liberia,
2021,LBR,Liberia,
2022,LBR,Liberia,
2023,LBR,Liberia,
2024,LBR,Liberia,
1990,LBY,Libya,98.88
2000,LBY,Libya,99.12
2015,LBY,Libya,97.27
2016,LBY,Libya,97.03
2017,LBY,Libya,97.38
2018,LBY,Libya,96.96
2019,LBY,Libya,97.18
2020,LBY,Libya,93.96
2021,LBY,Libya,95.95
2022,LBY,Libya,96.27
2023,LBY,Libya,
2024,LBY,Libya,
1990,LCA,St. Lucia,0.0
2000,LCA,St. Lucia,
2015,LCA,St. Lucia,
2016,LCA,St. Lucia,
2017,LCA,St. Lucia,
2018,LCA,St. Lucia,
2019,LCA,St. Lucia,
2020,LCA,St. Lucia,
2021,LCA,St. Lucia,
2022,LCA,St. Lucia,
2023,LCA,St. Lucia,
2024,LCA,St. Lucia,
1990,LCN,Latin America & Caribbean,70.58184264790576
2000,LCN,Latin America & Caribbean,74.75993401411819
2015,LCN,Latin America & Caribbean,73.77663672167353
2016,LCN,Latin America & Caribbean,72.97130782724656
2017,LCN,Latin America & Caribbean,72.26682234392015
2018,LCN,Latin America & Caribbean,70.9487750385309
2019,LCN,Latin America & Caribbean,70.94382352684266
2020,LCN,Latin America & Caribbean,68.42646539547636
2021,LCN,Latin America & Caribbean,70.54279923492356
2022,LCN,Latin America & Caribbean,69.71899823936793
2023,LCN,Latin America & Caribbean,64.71704987095548
2024,LCN,Latin America & Caribbean,
1990,LDC,Least developed countries: UN classification,16.000705199769
2000,LDC,Least developed countries: UN classification,19.696759901938186
2015,LDC,Least developed countries: UN classification,29.49713574432155
2016,LDC,Least developed countries: UN classification,30.683988059115208
2017,LDC,Least developed countries: UN classification,31.66435459097004
2018,LDC,Least developed countries: UN classification,31.662925572401853
2019,LDC,Least developed countries: UN classification,32.381926006400576
2020,LDC,Least developed countries: UN classification,31.410360940667342
2021,LDC,Least developed countries: UN classification,32.044544684651676
2022,LDC,Least developed countries: UN classification,32.155459202848974
2023,LDC,Least developed countries: UN classification,
2024,LDC,Least developed countries: UN classification,
1990,LIC,Low income,50.26866874050935
2000,LIC,Low income,43.56712610180399
2015,LIC,Low income,29.954024524771345
2016,LIC,Low income,28.70678269481952
2017,LIC,Low income,33.839790633552774
2018,LIC,Low income,33.03933279063713
2019,LIC,Low income,34.022409944260744
2020,LIC,Low income,31.20047812475629
2021,LIC,Low income,29.17466589888926
2022,LIC,Low income,29.013823900474605
2023,LIC,Low income,
2024,LIC,Low income,
1990,LIE,Liechtenstein,
2000,LIE,Liechtenstein,
2015,LIE,Liechtenstein,
2016,LIE,Liechtenstein,
2017,LIE,Liechtenstein,
2018,LIE,Liechtenstein,
2019,LIE,Liechtenstein,
2020,LIE,Liechtenstein,
2021,LIE,Liechtenstein,
2022,LIE,Liechtenstein,
2023,LIE,Liechtenstein,
2024,LIE,Liechtenstein,
1990,LKA,Sri Lanka,24.11
2000,LKA,Sri Lanka,43.02
2015,LKA,Sri Lanka,55.19
2016,LKA,Sri Lanka,61.56
2017,LKA,Sri Lanka,60.69
2018,LKA,Sri Lanka,58.72
2019,LKA,Sri Lanka,60.51
2020,LKA,Sri Lanka,58.95
2021,LKA,Sri Lanka,58.53
2022,LKA,Sri Lanka,53.93
2023,LKA,Sri Lanka,
2024,LKA,Sri Lanka,
1990,LMC,Lower middle income,56.72778351965111
2000,LMC,Lower middle income,62.13700657712752
2015,LMC,Lower middle income,70.90718367691711
2016,LMC,Lower middle income,71.11599339628148
2017,LMC,Lower middle income,71.37974224961228
2018,LMC,Lower middle income,71.68729029912089
2019,LMC,Lower middle income,71.57933945499165
2020,LMC,Lower middle income,70.36256459108816
2021,LMC,Lower middle income,71.01090342102282
2022,LMC,Lower middle income,71.17620151163663
2023,LMC,Lower middle income,19.77
2024,LMC,Lower middle income,
1990,LMY,Low & middle income,74.00249497144279
2000,LMY,Low & middle income,75.85312028593142
2015,LMY,Low & middle income,82.55021930197621
2016,LMY,Low & middle income,81.99997449779123
2017,LMY,Low & middle income,81.85281634479212
2018,LMY,Low & middle income,81.60669044041225
2019,LMY,Low & middle income,81.429372554095
2020,LMY,Low & middle income,80.83414993690565
2021,LMY,Low & middle income,81.04030154673679
2022,LMY,Low & middle income,80.7080478473165
2023,LMY,Low & middle income,66.47012307948637
2024,LMY,Low & middle income,
1990,LSO,Lesotho,
2000,LSO,Lesotho,
2015,LSO,Lesotho,
2016,LSO,Lesotho,
2017,LSO,Lesotho,
2018,LSO,Lesotho,
2019,LSO,Lesotho,
2020,LSO,Lesotho,
2021,LSO,Lesotho,
2022,LSO,Lesotho,
2023,LSO,Lesotho,
2024,LSO,Lesotho,
1990,LTE,Late-demographic dividend,83.64308765250549
2000,LTE,Late-demographic dividend,82.65581837616564
2015,LTE,Late-demographic dividend,87.32469564649055
2016,LTE,Late-demographic dividend,86.72278441104079
2017,LTE,Late-demographic dividend,86.42470383354726
2018,LTE,Late-demographic dividend,86.16883663066523
2019,LTE,Late-demographic dividend,85.75718085666061
2020,LTE,Late-demographic dividend,85.43196174096437
2021,LTE,Late-demographic dividend,85.58314953287265
2022,LTE,Late-demographic dividend,85.06335507800979
2023,LTE,Late-demographic dividend,59.69904895557863
2024,LTE,Late-demographic dividend,
1990,LTU,Lithuania,75.85
2000,LTU,Lithuania,58.89
2015,LTU,Lithuania,67.49
2016,LTU,Lithuania,66.0
2017,LTU,Lithuania,65.08
2018,LTU,Lithuania,64.71
2019,LTU,Lithuania,64.97
2020,LTU,Lithuania,65.7
2021,LTU,Lithuania,62.69
2022,LTU,Lithuania,61.9
2023,LTU,Lithuania,61.44
2024,LTU,Lithuania,
1990,LUX,Luxembourg,89.17
2000,LUX,Luxembourg,83.46
2015,LUX,Luxembourg,80.64
2016,LUX,Luxembourg,78.45
2017,LUX,Luxembourg,77.92
2018,LUX,Luxembourg,77.94
2019,LUX,Luxembourg,78.18
2020,LUX,Luxembourg,73.45
2021,LUX,Luxembourg,74.02
2022,LUX,Luxembourg,71.34
2023,LUX,Luxembourg,70.39
2024,LUX,Luxembourg,
1990,LVA,Latvia,82.4
2000,LVA,Latvia,64.92
2015,LVA,Latvia,58.98
2016,LVA,Latvia,58.91
2017,LVA,Latvia,55.57
2018,LVA,Latvia,57.15
2019,LVA,Latvia,56.35
2020,LVA,Latvia,53.24
2021,LVA,Latvia,53.05
2022,LVA,Latvia,49.12
2023,LVA,Latvia,47.81
2024,LVA,Latvia,
1990,MAC,"Macao SAR, China",
2000,MAC,"Macao SAR, China",
2015,MAC,"Macao SAR, China",
2016,MAC,"Macao SAR, China",
2017,MAC,"Macao SAR, China",
2018,MAC,"Macao SAR, China",
2019,MAC,"Macao SAR, China",
2020,MAC,"Macao SAR, China",
2021,MAC,"Macao SAR, China",
2022,MAC,"Macao SAR, China",
2023,MAC,"Macao SAR, China",
2024,MAC,"Macao SAR, China",
1990,MAF,St. Martin (French part),
2000,MAF,St. Martin (French part),
2015,MAF,St. Martin (French part),
2016,MAF,St. Martin (French part),
2017,MAF,St. Martin (French part),
2018,MAF,St. Martin (French part),
2019,MAF,St. Martin (French part),
2020,MAF,St. Martin (French part),
2021,MAF,St. Martin (French part),
2022,MAF,St. Martin (French part),
2023,MAF,St. Martin (French part),
2024,MAF,St. Martin (French part),
1990,MAR,Morocco,85.48
2000,MAR,Morocco,86.53
2015,MAR,Morocco,88.84
2016,MAR,Morocco,88.41
2017,MAR,Morocco,88.7
2018,MAR,Morocco,88.93
2019,MAR,Morocco,90.72
2020,MAR,Morocco,90.09
2021,MAR,Morocco,90.26
2022,MAR,Morocco,90.12
2023,MAR,Morocco,
2024,MAR,Morocco,
1990,MCO,Monaco,
2000,MCO,Monaco,
2015,MCO,Monaco,
2016,MCO,Monaco,
2017,MCO,Monaco,
2018,MCO,Monaco,
2019,MCO,Monaco,
2020,MCO,Monaco,
2021,MCO,Monaco,
2022,MCO,Monaco,
2023,MCO,Monaco,
2024,MCO,Monaco,
1990,MDA,Moldova,100.0
2000,MDA,Moldova,91.49
2015,MDA,Moldova,81.77
2016,MDA,Moldova,81.11
2017,MDA,Moldova,77.02
2018,MDA,Moldova,78.36
2019,MDA,Moldova,81.65
2020,MDA,Moldova,83.1
2021,MDA,Moldova,83.5
2022,MDA,Moldova,81.27
2023,MDA,Moldova,
2024,MDA,Moldova,
1990,MDG,Madagascar,11.12
2000,MDG,Madagascar,14.88
2015,MDG,Madagascar,14.65
2016,MDG,Madagascar,12.78
2017,MDG,Madagascar,13.43
2018,MDG,Madagascar,12.57
2019,MDG,Madagascar,14.11
2020,MDG,Madagascar,11.18
2021,MDG,Madagascar,13.7
2022,MDG,Madagascar,13.97
2023,MDG,Madagascar,
2024,MDG,Madagascar,
1990,MDV,Maldives,0.0
2000,MDV,Maldives,
2015,MDV,Maldives,
2016,MDV,Maldives,
2017,MDV,Maldives,
2018,MDV,Maldives,
2019,MDV,Maldives,
2020,MDV,Maldives,
2021,MDV,Maldives,
2022,MDV,Maldives,
2023,MDV,Maldives,
2024,MDV,Maldives,
1990,MEA,"Middle East, North Africa, Afghanistan & Pakistan",92.0712500242388
2000,MEA,"Middle East, North Africa, Afghanistan & Pakistan",93.68176425755651
2015,MEA,"Middle East, North Africa, Afghanistan & Pakistan",95.12110012567776
2016,MEA,"Middle East, North Africa, Afghanistan & Pakistan",95.16337729341163
2017,MEA,"Middle East, North Africa, Afghanistan & Pakistan",95.33328284851662
2018,MEA,"Middle East, North Africa, Afghanistan & Pakistan",95.32248936190302
2019,MEA,"Middle East, North Africa, Afghanistan & Pakistan",95.24386295139243
2020,MEA,"Middle East, North Africa, Afghanistan & Pakistan",95.24498013315278
2021,MEA,"Middle East, North Africa, Afghanistan & Pakistan",95.08995057561387
2022,MEA,"Middle East, North Africa, Afghanistan & Pakistan",94.63523587340393
2023,MEA,"Middle East, North Africa, Afghanistan & Pakistan",96.52
2024,MEA,"Middle East, North Africa, Afghanistan & Pakistan",
1990,MEX,Mexico,87.35
2000,MEX,Mexico,87.32
2015,MEX,Mexico,90.03
2016,MEX,Mexico,90.04
2017,MEX,Mexico,89.16
2018,MEX,Mexico,88.99
2019,MEX,Mexico,89.12
2020,MEX,Mexico,88.47
2021,MEX,Mexico,88.64
2022,MEX,Mexico,87.94
2023,MEX,Mexico,88.66
2024,MEX,Mexico,
1990,MHL,Marshall Islands,
2000,MHL,Marshall Islands,
2015,MHL,Marshall Islands,
2016,MHL,Marshall Islands,
2017,MHL,Marshall Islands,
2018,MHL,Marshall Islands,
2019,MHL,Marshall Islands,
2020,MHL,Marshall Islands,
2021,MHL,Marshall Islands,
2022,MHL,Marshall Islands,
2023,MHL,Marshall Islands,
2024,MHL,Marshall Islands,
1990,MIC,Middle income,74.83185331592735
2000,MIC,Middle income,76.81101433003853
2015,MIC,Middle income,83.5842922690647
2016,MIC,Middle income,83.05046445230123
2017,MIC,Middle income,82.85436258756411
2018,MIC,Middle income,82.59485280577529
2019,MIC,Middle income,82.39402926860174
2020,MIC,Middle income,81.8745792691076
2021,MIC,Middle income,82.09579520207306
2022,MIC,Middle income,81.75857731659445
2023,MIC,Middle income,66.47012307948636
2024,MIC,Middle income,
1990,MKD,North Macedonia,98.0
2000,MKD,North Macedonia,87.32
2015,MKD,North Macedonia,76.25
2016,MKD,North Macedonia,79.08
2017,MKD,North Macedonia,80.68
2018,MKD,North Macedonia,78.86
2019,MKD,North Macedonia,82.46
2020,MKD,North Macedonia,78.38
2021,MKD,North Macedonia,78.0
2022,MKD,North Macedonia,82.16
2023,MKD,North Macedonia,
2024,MKD,North Macedonia,
1990,MLI,Mali,
2000,MLI,Mali,
2015,MLI,Mali,
2016,MLI,Mali,
2017,MLI,Mali,
2018,MLI,Mali,
2019,MLI,Mali,
2020,MLI,Mali,
2021,MLI,Mali,
2022,MLI,Mali,
2023,MLI,Mali,
2024,MLI,Mali,
1990,MLT,Malta,99.99
2000,MLT,Malta,100.0
2015,MLT,Malta,82.64
2016,MLT,Malta,73.86
2017,MLT,Malta,84.71
2018,MLT,Malta,87.06
2019,MLT,Malta,87.45
2020,MLT,Malta,88.58
2021,MLT,Malta,88.08
2022,MLT,Malta,87.17
2023,MLT,Malta,
2024,MLT,Malta,
1990,MMR,Myanmar,14.57
2000,MMR,Myanmar,27.19
2015,MMR,Myanmar,37.76
2016,MMR,Myanmar,42.63
2017,MMR,Myanmar,49.07
2018,MMR,Myanmar,48.76
2019,MMR,Myanmar,49.21
2020,MMR,Myanmar,49.38
2021,MMR,Myanmar,47.36
2022,MMR,Myanmar,45.13
2023,MMR,Myanmar,
2024,MMR,Myanmar,
1990,MNA,"Middle East, North Africa, Afghanistan & Pakistan (excluding high income)",88.23506090732398
2000,MNA,"Middle East, North Africa, Afghanistan & Pakistan (excluding high income)",90.16103059626991
2015,MNA,"Middle East, North Africa, Afghanistan & Pakistan (excluding high income)",91.33366923035312
2016,MNA,"Middle East, North Africa, Afghanistan & Pakistan (excluding high income)",91.54687626446385
2017,MNA,"Middle East, North Africa, Afghanistan & Pakistan (excluding high income)",92.05064899652682
2018,MNA,"Middle East, North Africa, Afghanistan & Pakistan (excluding high income)",92.07086636115726
2019,MNA,"Middle East, North Africa, Afghanistan & Pakistan (excluding high income)",92.18256238686229
2020,MNA,"Middle East, North Africa, Afghanistan & Pakistan (excluding high income)",92.27385262305913
2021,MNA,"Middle East, North Africa, Afghanistan & Pakistan (excluding high income)",92.46452417267203
2022,MNA,"Middle East, North Africa, Afghanistan & Pakistan (excluding high income)",92.04545877779965
2023,MNA,"Middle East, North Africa, Afghanistan & Pakistan (excluding high income)",
2024,MNA,"Middle East, North Africa, Afghanistan & Pakistan (excluding high income)",
1990,MNE,Montenegro,
2000,MNE,Montenegro,
2015,MNE,Montenegro,65.7
2016,MNE,Montenegro,63.79
2017,MNE,Montenegro,64.95
2018,MNE,Montenegro,68.82
2019,MNE,Montenegro,69.29
2020,MNE,Montenegro,69.86
2021,MNE,Montenegro,68.28
2022,MNE,Montenegro,72.15
2023,MNE,Montenegro,
2024,MNE,Montenegro,
1990,MNG,Mongolia,96.72
2000,MNG,Mongolia,96.25
2015,MNG,Mongolia,95.26
2016,MNG,Mongolia,95.46
2017,MNG,Mongolia,95.35
2018,MNG,Mongolia,95.45
2019,MNG,Mongolia,95.68
2020,MNG,Mongolia,94.96
2021,MNG,Mongolia,95.03
2022,MNG,Mongolia,94.72
2023,MNG,Mongolia,
2024,MNG,Mongolia,
1990,MNP,Northern Mariana Islands,
2000,MNP,Northern Mariana Islands,
2015,MNP,Northern Mariana Islands,
2016,MNP,Northern Mariana Islands,
2017,MNP,Northern Mariana Islands,
2018,MNP,Northern Mariana Islands,
2019,MNP,Northern Mariana Islands,
2020,MNP,Northern Mariana Islands,
2021,MNP,Northern Mariana Islands,
2022,MNP,Northern Mariana Islands,
2023,MNP,Northern Mariana Islands,
2024,MNP,Northern Mariana Islands,
1990,MOZ,Mozambique,5.57
2000,MOZ,Mozambique,7.16
2015,MOZ,Mozambique,21.41
2016,MOZ,Mozambique,23.1
2017,MOZ,Mozambique,22.4
2018,MOZ,Mozambique,22.39
2019,MOZ,Mozambique,22.29
2020,MOZ,Mozambique,19.99
2021,MOZ,Mozambique,23.41
2022,MOZ,Mozambique,24.61
2023,MOZ,Mozambique,
2024,MOZ,Mozambique,
1990,MRT,Mauritania,
2000,MRT,Mauritania,
2015,MRT,Mauritania,
2016,MRT,Mauritania,
2017,MRT,Mauritania,
2018,MRT,Mauritania,
2019,MRT,Mauritania,
2020,MRT,Mauritania,
2021,MRT,Mauritania,
2022,MRT,Mauritania,
2023,MRT,Mauritania,
2024,MRT,Mauritania,
1990,MUS,Mauritius,55.45
2000,MUS,Mauritius,73.86
2015,MUS,Mauritius,82.2
2016,MUS,Mauritius,83.94
2017,MUS,Mauritius,85.1
2018,MUS,Mauritius,85.54
2019,MUS,Mauritius,85.85
2020,MUS,Mauritius,85.95
2021,MUS,Mauritius,87.3
2022,MUS,Mauritius,88.94
2023,MUS,Mauritius,
2024,MUS,Mauritius,
1990,MWI,Malawi,
2000,MWI,Malawi,
2015,MWI,Malawi,
2016,MWI,Malawi,
2017,MWI,Malawi,
2018,MWI,Malawi,
2019,MWI,Malawi,
2020,MWI,Malawi,
2021,MWI,Malawi,
2022,MWI,Malawi,
2023,MWI,Malawi,
2024,MWI,Malawi,
1990,MYS,Malaysia,92.6
2000,MYS,Malaysia,96.17
2015,MYS,Malaysia,97.77
2016,MYS,Malaysia,97.29
2017,MYS,Malaysia,96.68
2018,MYS,Malaysia,96.73
2019,MYS,Malaysia,96.62
2020,MYS,Malaysia,96.08
2021,MYS,Malaysia,95.82
2022,MYS,Malaysia,96.01
2023,MYS,Malaysia,
2024,MYS,Malaysia,
1990,NAC,North America,85.14545593164536
2000,NAC,North America,84.9459330482143
2015,NAC,North America,81.95518950577632
2016,NAC,North America,81.53658654283679
2017,NAC,North America,81.29169398504861
2018,NAC,North America,81.37659929595145
2019,NAC,North America,81.2995230371197
2020,NAC,North America,80.12132192937213
2021,NAC,North America,80.7769996543337
2022,NAC,North America,80.83344287102418
2023,NAC,North America,81.00628492221168
2024,NAC,North America,
1990,NAM,Namibia,
2000,NAM,Namibia,60.68
2015,NAM,Namibia,64.35
2016,NAM,Namibia,64.18
2017,NAM,Namibia,63.34
2018,NAM,Namibia,63.32
2019,NAM,Namibia,60.0
2020,NAM,Namibia,57.0
2021,NAM,Namibia,57.74
2022,NAM,Namibia,53.49
2023,NAM,Namibia,
2024,NAM,Namibia,
1990,NCL,New Caledonia,
2000,NCL,New Caledonia,
2015,NCL,New Caledonia,
2016,NCL,New Caledonia,
2017,NCL,New Caledonia,
2018,NCL,New Caledonia,
2019,NCL,New Caledonia,
2020,NCL,New Caledonia,
2021,NCL,New Caledonia,
2022,NCL,New Caledonia,
2023,NCL,New Caledonia,
2024,NCL,New Caledonia,
1990,NER,Niger,11.55
2000,NER,Niger,14.49
2015,NER,Niger,23.11
2016,NER,Niger,22.79
2017,NER,Niger,20.47
2018,NER,Niger,20.8
2019,NER,Niger,21.4
2020,NER,Niger,20.62
2021,NER,Niger,19.31
2022,NER,Niger,24.19
2023,NER,Niger,
2024,NER,Niger,
1990,NGA,Nigeria,48.81
2000,NGA,Nigeria,48.94
2015,NGA,Nigeria,54.66
2016,NGA,Nigeria,56.44
2017,NGA,Nigeria,54.86
2018,NGA,Nigeria,52.42
2019,NGA,Nigeria,56.73
2020,NGA,Nigeria,55.14
2021,NGA,Nigeria,55.75
2022,NGA,Nigeria,55.72
2023,NGA,Nigeria,
2024,NGA,Nigeria,
1990,NIC,Nicaragua,29.36
2000,NIC,Nicaragua,46.01
2015,NIC,Nicaragua,43.88
2016,NIC,Nicaragua,44.23
2017,NIC,Nicaragua,42.92
2018,NIC,Nicaragua,40.92
2019,NIC,Nicaragua,41.71
2020,NIC,Nicaragua,38.86
2021,NIC,Nicaragua,41.18
2022,NIC,Nicaragua,39.85
2023,NIC,Nicaragua,
2024,NIC,Nicaragua,
1990,NLD,Netherlands,95.98
2000,NLD,Netherlands,93.86
2015,NLD,Netherlands,90.21
2016,NLD,Netherlands,91.06
2017,NLD,Netherlands,90.79
2018,NLD,Netherlands,89.23
2019,NLD,Netherlands,89.64
2020,NLD,Netherlands,87.77
2021,NLD,Netherlands,86.2
2022,NLD,Netherlands,83.92
2023,NLD,Netherlands,83.52
2024,NLD,Netherlands,
1990,NOR,Norway,52.05
2000,NOR,Norway,54.35
2015,NOR,Norway,51.53
2016,NOR,Norway,54.4
2017,NOR,Norway,55.91
2018,NOR,Norway,54.5
2019,NOR,Norway,52.11
2020,NOR,Norway,51.78
2021,NOR,Norway,50.61
2022,NOR,Norway,46.54
2023,NOR,Norway,46.29
2024,NOR,Norway,
1990,NPL,Nepal,5.05
2000,NPL,Nepal,11.97
2015,NPL,Nepal,15.09
2016,NPL,Nepal,20.6
2017,NPL,Nepal,23.34
2018,NPL,Nepal,25.41
2019,NPL,Nepal,22.33
2020,NPL,Nepal,27.35
2021,NPL,Nepal,28.01
2022,NPL,Nepal,26.47
2023,NPL,Nepal,
2024,NPL,Nepal,
1990,NRU,Nauru,
2000,NRU,Nauru,
2015,NRU,Nauru,
2016,NRU,Nauru,
2017,NRU,Nauru,
2018,NRU,Nauru,
2019,NRU,Nauru,
2020,NRU,Nauru,
2021,NRU,Nauru,
2022,NRU,Nauru,
2023,NRU,Nauru,
2024,NRU,Nauru,
1990,NZL,New Zealand,66.12
2000,NZL,New Zealand,69.56
2015,NZL,New Zealand,60.04
2016,NZL,New Zealand,59.43
2017,NZL,New Zealand,60.05
2018,NZL,New Zealand,59.1
2019,NZL,New Zealand,59.83
2020,NZL,New Zealand,58.52
2021,NZL,New Zealand,58.39
2022,NZL,New Zealand,54.94
2023,NZL,New Zealand,55.44
2024,NZL,New Zealand,
1990,OED,OECD members,83.66779238808
2000,OED,OECD members,82.51381286315616
2015,OED,OECD members,79.99920399655963
2016,OED,OECD members,79.81155561645396
2017,OED,OECD members,79.65695479253546
2018,OED,OECD members,79.2553304384889
2019,OED,OECD members,78.81449779793385
2020,OED,OECD members,77.81421408677518
2021,OED,OECD members,78.04635003805636
2022,OED,OECD members,78.15004558105927
2023,OED,OECD members,77.48216706732744
2024,OED,OECD members,
1990,OMN,Oman,100.0
2000,OMN,Oman,100.0
2015,OMN,Oman,100.0
2016,OMN,Oman,100.0
2017,OMN,Oman,99.99
2018,OMN,Oman,99.99
2019,OMN,Oman,99.99
2020,OMN,Oman,99.93
2021,OMN,Oman,99.92
2022,OMN,Oman,99.67
2023,OMN,Oman,
2024,OMN,Oman,
1990,OSS,Other small states,84.39639978289986
2000,OSS,Other small states,74.9435153242306
2015,OSS,Other small states,60.967817458177926
2016,OSS,Other small states,64.86900096758868
2017,OSS,Other small states,65.3039495155026
2018,OSS,Other small states,63.22774403768347
2019,OSS,Other small states,61.0544739495983
2020,OSS,Other small states,58.460582964224486
2021,OSS,Other small states,59.40165936751294
2022,OSS,Other small states,61.164885482556805
2023,OSS,Other small states,29.915724489533062
2024,OSS,Other small states,
1990,PAK,Pakistan,52.86
2000,PAK,Pakistan,58.9
2015,PAK,Pakistan,60.72
2016,PAK,Pakistan,62.17
2017,PAK,Pakistan,63.49
2018,PAK,Pakistan,64.32
2019,PAK,Pakistan,63.2
2020,PAK,Pakistan,66.28
2021,PAK,Pakistan,65.49
2022,PAK,Pakistan,63.94
2023,PAK,Pakistan,
2024,PAK,Pakistan,
1990,PAN,Panama,58.9
2000,PAN,Panama,75.66
2015,PAN,Panama,78.11
2016,PAN,Panama,78.34
2017,PAN,Panama,77.18
2018,PAN,Panama,75.88
2019,PAN,Panama,83.51
2020,PAN,Panama,75.51
2021,PAN,Panama,75.9
2022,PAN,Panama,76.52
2023,PAN,Panama,
2024,PAN,Panama,
1990,PER,Peru,63.28
2000,PER,Peru,63.48
2015,PER,Peru,74.92
2016,PER,Peru,75.53
2017,PER,Peru,74.87
2018,PER,Peru,74.92
2019,PER,Peru,75.52
2020,PER,Peru,71.21
2021,PER,Peru,73.64
2022,PER,Peru,76.85
2023,PER,Peru,
2024,PER,Peru,
1990,PHL,Philippines,41.19
2000,PHL,Philippines,52.91
2015,PHL,Philippines,61.21
2016,PHL,Philippines,62.81
2017,PHL,Philippines,65.31
2018,PHL,Philippines,65.85
2019,PHL,Philippines,65.72
2020,PHL,Philippines,64.25
2021,PHL,Philippines,65.61
2022,PHL,Philippines,66.2
2023,PHL,Philippines,
2024,PHL,Philippines,
1990,PLW,Palau,0.0
2000,PLW,Palau,
2015,PLW,Palau,
2016,PLW,Palau,
2017,PLW,Palau,
2018,PLW,Palau,
2019,PLW,Palau,
2020,PLW,Palau,
2021,PLW,Palau,
2022,PLW,Palau,
2023,PLW,Palau,
2024,PLW,Palau,
1990,PNG,Papua New Guinea,
2000,PNG,Papua New Guinea,
2015,PNG,Papua New Guinea,
2016,PNG,Papua New Guinea,
2017,PNG,Papua New Guinea,
2018,PNG,Papua New Guinea,
2019,PNG,Papua New Guinea,
2020,PNG,Papua New Guinea,
2021,PNG,Papua New Guinea,
2022,PNG,Papua New Guinea,
2023,PNG,Papua New Guinea,
2024,PNG,Papua New Guinea,
1990,POL,Poland,97.8
2000,POL,Poland,96.22
2015,POL,Poland,90.0
2016,POL,Poland,90.25
2017,POL,Poland,90.42
2018,POL,Poland,87.52
2019,POL,Poland,86.23
2020,POL,Poland,85.4
2021,POL,Poland,87.22
2022,POL,Poland,86.42
2023,POL,Poland,84.61
2024,POL,Poland,
1990,PRE,Pre-demographic dividend,33.996578183703484
2000,PRE,Pre-demographic dividend,34.21121060396456
2015,PRE,Pre-demographic dividend,38.59691788117582
2016,PRE,Pre-demographic dividend,39.63563336564567
2017,PRE,Pre-demographic dividend,40.13028859189056
2018,PRE,Pre-demographic dividend,40.26469569667276
2019,PRE,Pre-demographic dividend,41.529200833488666
2020,PRE,Pre-demographic dividend,38.93952436609819
2021,PRE,Pre-demographic dividend,40.08995088031779
2022,PRE,Pre-demographic dividend,41.326644751294126
2023,PRE,Pre-demographic dividend,19.77
2024,PRE,Pre-demographic dividend,
1990,PRI,Puerto Rico (US),
2000,PRI,Puerto Rico (US),
2015,PRI,Puerto Rico (US),
2016,PRI,Puerto Rico (US),
2017,PRI,Puerto Rico (US),
2018,PRI,Puerto Rico (US),
2019,PRI,Puerto Rico (US),
2020,PRI,Puerto Rico (US),
2021,PRI,Puerto Rico (US),
2022,PRI,Puerto Rico (US),
2023,PRI,Puerto Rico (US),
2024,PRI,Puerto Rico (US),
1990,PRK,"Korea, Dem. People's Rep.",93.09
2000,PRK,"Korea, Dem. People's Rep.",90.45
2015,PRK,"Korea, Dem. People's Rep.",79.46
2016,PRK,"Korea, Dem. People's Rep.",79.03
2017,PRK,"Korea, Dem. People's Rep.",89.24
2018,PRK,"Korea, Dem. People's Rep.",87.93
2019,PRK,"Korea, Dem. People's Rep.",89.6
2020,PRK,"Korea, Dem. People's Rep.",88.27
2021,PRK,"Korea, Dem. People's Rep.",84.73
2022,PRK,"Korea, Dem. People's Rep.",85.06
2023,PRK,"Korea, Dem. People's Rep.",
2024,PRK,"Korea, Dem. People's Rep.",
1990,PRT,Portugal,80.45
2000,PRT,Portugal,84.04
2015,PRT,Portugal,75.8
2016,PRT,Portugal,75.29
2017,PRT,Portugal,78.96
2018,PRT,Portugal,75.45
2019,PRT,Portugal,73.11
2020,PRT,Portugal,70.41
2021,PRT,Portugal,67.8
2022,PRT,Portugal,67.38
2023,PRT,Portugal,63.08
2024,PRT,Portugal,
1990,PRY,Paraguay,21.33
2000,PRY,Paraguay,28.35
2015,PRY,Paraguay,35.5
2016,PRY,Paraguay,34.28
2017,PRY,Paraguay,36.46
2018,PRY,Paraguay,37.29
2019,PRY,Paraguay,36.41
2020,PRY,Paraguay,34.87
2021,PRY,Paraguay,37.29
2022,PRY,Paraguay,34.84
2023,PRY,Paraguay,
2024,PRY,Paraguay,
1990,PSE,West Bank and Gaza,
2000,PSE,West Bank and Gaza,
2015,PSE,West Bank and Gaza,
2016,PSE,West Bank and Gaza,
2017,PSE,West Bank and Gaza,
2018,PSE,West Bank and Gaza,
2019,PSE,West Bank and Gaza,
2020,PSE,West Bank and Gaza,
2021,PSE,West Bank and Gaza,
2022,PSE,West Bank and Gaza,
2023,PSE,West Bank and Gaza,
2024,PSE,West Bank and Gaza,
1990,PSS,Pacific island small states,0.0
2000,PSS,Pacific island small states,
2015,PSS,Pacific island small states,
2016,PSS,Pacific island small states,
2017,PSS,Pacific island small states,
2018,PSS,Pacific island small states,
2019,PSS,Pacific island small states,
2020,PSS,Pacific island small states,
2021,PSS,Pacific island small states,
2022,PSS,Pacific island small states,
2023,PSS,Pacific island small states,
2024,PSS,Pacific island small states,
1990,PST,Post-demographic dividend,83.96949807488116
2000,PST,Post-demographic dividend,82.26980820031547
2015,PST,Post-demographic dividend,79.4488949360305
2016,PST,Post-demographic dividend,79.23107417412318
2017,PST,Post-demographic dividend,79.06158538799718
2018,PST,Post-demographic dividend,78.7340054694515
2019,PST,Post-demographic dividend,78.34769998071282
2020,PST,Post-demographic dividend,77.3313915588171
2021,PST,Post-demographic dividend,77.42063151548199
2022,PST,Post-demographic dividend,77.70866349952735
2023,PST,Post-demographic dividend,76.9740157980349
2024,PST,Post-demographic dividend,
1990,PYF,French Polynesia,
2000,PYF,French Polynesia,
2015,PYF,French Polynesia,
2016,PYF,French Polynesia,
2017,PYF,French Polynesia,
2018,PYF,French Polynesia,
2019,PYF,French Polynesia,
2020,PYF,French Polynesia,
2021,PYF,French Polynesia,
2022,PYF,French Polynesia,
2023,PYF,French Polynesia,
2024,PYF,French Polynesia,
1990,QAT,Qatar,99.91
2000,QAT,Qatar,99.98
2015,QAT,Qatar,99.98
2016,QAT,Qatar,99.97
2017,QAT,Qatar,99.97
2018,QAT,Qatar,99.98
2019,QAT,Qatar,99.98
2020,QAT,Qatar,99.98
2021,QAT,Qatar,99.98
2022,QAT,Qatar,99.87
2023,QAT,Qatar,
2024,QAT,Qatar,
1990,ROU,Romania,96.13
2000,ROU,Romania,84.83
2015,ROU,Romania,73.17
2016,ROU,Romania,72.22
2017,ROU,Romania,73.22
2018,ROU,Romania,73.22
2019,ROU,Romania,72.04
2020,ROU,Romania,70.47
2021,ROU,Romania,71.19
2022,ROU,Romania,70.42
2023,ROU,Romania,
2024,ROU,Romania,
1990,RUS,Russian Federation,93.51
2000,RUS,Russian Federation,91.24
2015,RUS,Russian Federation,89.52
2016,RUS,Russian Federation,89.55
2017,RUS,Russian Federation,89.5
2018,RUS,Russian Federation,89.83
2019,RUS,Russian Federation,89.09
2020,RUS,Russian Federation,88.45
2021,RUS,Russian Federation,89.46
2022,RUS,Russian Federation,89.45
2023,RUS,Russian Federation,
2024,RUS,Russian Federation,
1990,RWA,Rwanda,2.7
2000,RWA,Rwanda,6.07
2015,RWA,Rwanda,7.95
2016,RWA,Rwanda,8.4
2017,RWA,Rwanda,9.34
2018,RWA,Rwanda,9.85
2019,RWA,Rwanda,9.93
2020,RWA,Rwanda,9.06
2021,RWA,Rwanda,9.92
2022,RWA,Rwanda,11.55
2023,RWA,Rwanda,
2024,RWA,Rwanda,
1990,SAS,South Asia,56.454218120410445
2000,SAS,South Asia,65.42785370178227
2015,SAS,South Asia,75.36488127853414
2016,SAS,South Asia,74.98270249251081
2017,SAS,South Asia,75.01616025234189
2018,SAS,South Asia,75.19494019924927
2019,SAS,South Asia,74.70984538181757
2020,SAS,South Asia,72.80556767177714
2021,SAS,South Asia,73.96572291377328
2022,SAS,South Asia,74.42919238666052
2023,SAS,South Asia,
2024,SAS,South Asia,
1990,SAU,Saudi Arabia,99.98
2000,SAU,Saudi Arabia,100.0
2015,SAU,Saudi Arabia,100.0
2016,SAU,Saudi Arabia,100.0
2017,SAU,Saudi Arabia,100.0
2018,SAU,Saudi Arabia,100.0
2019,SAU,Saudi Arabia,99.97
2020,SAU,Saudi Arabia,99.98
2021,SAU,Saudi Arabia,99.96
2022,SAU,Saudi Arabia,99.91
2023,SAU,Saudi Arabia,
2024,SAU,Saudi Arabia,
1990,SDN,Sudan,17.45
2000,SDN,Sudan,17.2
2015,SDN,Sudan,34.78
2016,SDN,Sudan,34.18
2017,SDN,Sudan,34.36
2018,SDN,Sudan,33.62
2019,SDN,Sudan,34.04
2020,SDN,Sudan,31.73
2021,SDN,Sudan,32.5
2022,SDN,Sudan,30.17
2023,SDN,Sudan,
2024,SDN,Sudan,
1990,SEN,Senegal,43.25
2000,SEN,Senegal,50.3
2015,SEN,Senegal,61.51
2016,SEN,Senegal,63.21
2017,SEN,Senegal,61.39
2018,SEN,Senegal,61.35
2019,SEN,Senegal,62.77
2020,SEN,Senegal,56.02
2021,SEN,Senegal,58.89
2022,SEN,Senegal,63.21
2023,SEN,Senegal,
2024,SEN,Senegal,
1990,SGP,Singapore,99.39
2000,SGP,Singapore,98.92
2015,SGP,Singapore,97.88
2016,SGP,Singapore,97.79
2017,SGP,Singapore,97.96
2018,SGP,Singapore,97.89
2019,SGP,Singapore,97.95
2020,SGP,Singapore,98.04
2021,SGP,Singapore,98.11
2022,SGP,Singapore,97.93
2023,SGP,Singapore,
2024,SGP,Singapore,
1990,SLB,Solomon Islands,0.0
2000,SLB,Solomon Islands,
2015,SLB,Solomon Islands,
2016,SLB,Solomon Islands,
2017,SLB,Solomon Islands,
2018,SLB,Solomon Islands,
2019,SLB,Solomon Islands,
2020,SLB,Solomon Islands,
2021,SLB,Solomon Islands,
2022,SLB,Solomon Islands,
2023,SLB,Solomon Islands,
2024,SLB,Solomon Islands,
1990,SLE,Sierra Leone,
2000,SLE,Sierra Leone,
2015,SLE,Sierra Leone,
2016,SLE,Sierra Leone,
2017,SLE,Sierra Leone,
2018,SLE,Sierra Leone,
2019,SLE,Sierra Leone,
2020,SLE,Sierra Leone,
2021,SLE,Sierra Leone,
2022,SLE,Sierra Leone,
2023,SLE,Sierra Leone,
2024,SLE,Sierra Leone,
1990,SLV,El Salvador,31.43
2000,SLV,El Salvador,55.87
2015,SLV,El Salvador,52.74
2016,SLV,El Salvador,52.23
2017,SLV,El Salvador,47.48
2018,SLV,El Salvador,49.65
2019,SLV,El Salvador,54.66
2020,SLV,El Salvador,48.35
2021,SLV,El Salvador,51.37
2022,SLV,El Salvador,55.46
2023,SLV,El Salvador,
2024,SLV,El Salvador,
1990,SMR,San Marino,
2000,SMR,San Marino,
2015,SMR,San Marino,
2016,SMR,San Marino,
2017,SMR,San Marino,
2018,SMR,San Marino,
2019,SMR,San Marino,
2020,SMR,San Marino,
2021,SMR,San Marino,
2022,SMR,San Marino,
2023,SMR,San Marino,
2024,SMR,San Marino,
1990,SOM,Somalia,
2000,SOM,Somalia,
2015,SOM,Somalia,
2016,SOM,Somalia,
2017,SOM,Somalia,
2018,SOM,Somalia,
2019,SOM,Somalia,
2020,SOM,Somalia,
2021,SOM,Somalia,
2022,SOM,Somalia,
2023,SOM,Somalia,
2024,SOM,Somalia,
1990,SRB,Serbia,91.61
2000,SRB,Serbia,85.92
2015,SRB,Serbia,87.45
2016,SRB,Serbia,87.99
2017,SRB,Serbia,87.48
2018,SRB,Serbia,86.78
2019,SRB,Serbia,86.62
2020,SRB,Serbia,84.51
2021,SRB,Serbia,82.44
2022,SRB,Serbia,83.02
2023,SRB,Serbia,
2024,SRB,Serbia,
1990,SSA,Sub-Saharan Africa (excluding high income),48.0803996441464
2000,SSA,Sub-Saharan Africa (excluding high income),49.16473297178949
2015,SSA,Sub-Saharan Africa (excluding high income),50.52581915590078
2016,SSA,Sub-Saharan Africa (excluding high income),50.82501363313923
2017,SSA,Sub-Saharan Africa (excluding high income),50.05247214256978
2018,SSA,Sub-Saharan Africa (excluding high income),49.24095209380361
2019,SSA,Sub-Saharan Africa (excluding high income),50.13790884584132
2020,SSA,Sub-Saharan Africa (excluding high income),47.7488441420442
2021,SSA,Sub-Saharan Africa (excluding high income),47.76383745196088
2022,SSA,Sub-Saharan Africa (excluding high income),47.518628763132206
2023,SSA,Sub-Saharan Africa (excluding high income),19.77
2024,SSA,Sub-Saharan Africa (excluding high income),
1990,SSD,South Sudan,
2000,SSD,South Sudan,
2015,SSD,South Sudan,76.14
2016,SSD,South Sudan,75.0
2017,SSD,South Sudan,68.44
2018,SSD,South Sudan,75.39
2019,SSD,South Sudan,75.69
2020,SSD,South Sudan,74.76
2021,SSD,South Sudan,74.95
2022,SSD,South Sudan,73.4
2023,SSD,South Sudan,
2024,SSD,South Sudan,
1990,SSF,Sub-Saharan Africa,44.998271923050595
2000,SSF,Sub-Saharan Africa,45.54067845200693
2015,SSF,Sub-Saharan Africa,46.91969709243466
2016,SSF,Sub-Saharan Africa,47.24022408883489
2017,SSF,Sub-Saharan Africa,46.46354952454599
2018,SSF,Sub-Saharan Africa,45.68503941429642
2019,SSF,Sub-Saharan Africa,46.608863154550235
2020,SSF,Sub-Saharan Africa,44.291695001082154
2021,SSF,Sub-Saharan Africa,44.494026656182044
2022,SSF,Sub-Saharan Africa,44.164674045505286
2023,SSF,Sub-Saharan Africa,19.77
2024,SSF,Sub-Saharan Africa,
1990,SST,Small states,80.63052040438068
2000,SST,Small states,84.68056201294657
2015,SST,Small states,80.45587713832029
2016,SST,Small states,80.74777752739976
2017,SST,Small states,80.60772095852191
2018,SST,Small states,79.29072118791642
2019,SST,Small states,78.47580392405878
2020,SST,Small states,76.00242949939584
2021,SST,Small states,76.88194069124732
2022,SST,Small states,77.38457921391532
2023,SST,Small states,29.915724489533062
2024,SST,Small states,
1990,STP,Sao Tome and Principe,0.0
2000,STP,Sao Tome and Principe,
2015,STP,Sao Tome and Principe,
2016,STP,Sao Tome and Principe,
2017,STP,Sao Tome and Principe,
2018,STP,Sao Tome and Principe,
2019,STP,Sao Tome and Principe,
2020,STP,Sao Tome and Principe,
2021,STP,Sao Tome and Principe,
2022,STP,Sao Tome and Principe,
2023,STP,Sao Tome and Principe,
2024,STP,Sao Tome and Principe,
1990,SUR,Suriname,
2000,SUR,Suriname,78.14
2015,SUR,Suriname,92.15
2016,SUR,Suriname,90.66
2017,SUR,Suriname,88.78
2018,SUR,Suriname,87.51
2019,SUR,Suriname,89.5
2020,SUR,Suriname,89.52
2021,SUR,Suriname,89.54
2022,SUR,Suriname,90.44
2023,SUR,Suriname,
2024,SUR,Suriname,
1990,SVK,Slovak Republic,81.63
2000,SVK,Slovak Republic,72.52
2015,SVK,Slovak Republic,61.41
2016,SVK,Slovak Republic,61.74
2017,SVK,Slovak Republic,62.99
2018,SVK,Slovak Republic,63.57
2019,SVK,Slovak Republic,61.64
2020,SVK,Slovak Republic,61.16
2021,SVK,Slovak Republic,62.73
2022,SVK,Slovak Republic,60.63
2023,SVK,Slovak Republic,59.47
2024,SVK,Slovak Republic,
1990,SVN,Slovenia,71.28
2000,SVN,Slovenia,68.93
2015,SVN,Slovenia,60.69
2016,SVN,Slovenia,62.32
2017,SVN,Slovenia,61.32
2018,SVN,Slovenia,61.91
2019,SVN,Slovenia,60.99
2020,SVN,Slovenia,58.34
2021,SVN,Slovenia,58.93
2022,SVN,Slovenia,59.15
2023,SVN,Slovenia,57.79
2024,SVN,Slovenia,
1990,SWE,Sweden,37.79
2000,SWE,Sweden,35.21
2015,SWE,Sweden,26.06
2016,SWE,Sweden,27.07
2017,SWE,Sweden,26.17
2018,SWE,Sweden,27.9
2019,SWE,Sweden,26.13
2020,SWE,Sweden,25.17
2021,SWE,Sweden,25.12
2022,SWE,Sweden,24.28
2023,SWE,Sweden,24.88
2024,SWE,Sweden,
1990,SWZ,Eswatini,34.57
2000,SWZ,Eswatini,34.2
2015,SWZ,Eswatini,25.73
2016,SWZ,Eswatini,27.47
2017,SWZ,Eswatini,29.14
2018,SWZ,Eswatini,29.07
2019,SWZ,Eswatini,30.09
2020,SWZ,Eswatini,27.7
2021,SWZ,Eswatini,28.48
2022,SWZ,Eswatini,28.77
2023,SWZ,Eswatini,
2024,SWZ,Eswatini,
1990,SXM,Sint Maarten (Dutch part),
2000,SXM,Sint Maarten (Dutch part),
2015,SXM,Sint Maarten (Dutch part),
2016,SXM,Sint Maarten (Dutch part),
2017,SXM,Sint Maarten (Dutch part),
2018,SXM,Sint Maarten (Dutch part),
2019,SXM,Sint Maarten (Dutch part),
2020,SXM,Sint Maarten (Dutch part),
2021,SXM,Sint Maarten (Dutch part),
2022,SXM,Sint Maarten (Dutch part),
2023,SXM,Sint Maarten (Dutch part),
2024,SXM,Sint Maarten (Dutch part),
1990,SYC,Seychelles,0.0
2000,SYC,Seychelles,
2015,SYC,Seychelles,
2016,SYC,Seychelles,
2017,SYC,Seychelles,
2018,SYC,Seychelles,
2019,SYC,Seychelles,
2020,SYC,Seychelles,
2021,SYC,Seychelles,
2022,SYC,Seychelles,
2023,SYC,Seychelles,
2024,SYC,Seychelles,
1990,SYR,Syrian Arab Republic,97.73
2000,SYR,Syrian Arab Republic,98.14
2015,SYR,Syrian Arab Republic,99.81
2016,SYR,Syrian Arab Republic,99.2
2017,SYR,Syrian Arab Republic,99.77
2018,SYR,Syrian Arab Republic,99.76
2019,SYR,Syrian Arab Republic,99.62
2020,SYR,Syrian Arab Republic,99.56
2021,SYR,Syrian Arab Republic,99.55
2022,SYR,Syrian Arab Republic,99.5
2023,SYR,Syrian Arab Republic,
2024,SYR,Syrian Arab Republic,
1990,TCA,Turks and Caicos Islands,
2000,TCA,Turks and Caicos Islands,
2015,TCA,Turks and Caicos Islands,
2016,TCA,Turks and Caicos Islands,
2017,TCA,Turks and Caicos Islands,
2018,TCA,Turks and Caicos Islands,
2019,TCA,Turks and Caicos Islands,
2020,TCA,Turks and Caicos Islands,
2021,TCA,Turks and Caicos Islands,
2022,TCA,Turks and Caicos Islands,
2023,TCA,Turks and Caicos Islands,
2024,TCA,Turks and Caicos Islands,
1990,TCD,Chad,7.37
2000,TCD,Chad,4.74
2015,TCD,Chad,18.66
2016,TCD,Chad,16.42
2017,TCD,Chad,16.39
2018,TCD,Chad,16.31
2019,TCD,Chad,18.53
2020,TCD,Chad,18.56
2021,TCD,Chad,20.09
2022,TCD,Chad,19.47
2023,TCD,Chad,
2024,TCD,Chad,
1990,TEA,East Asia & Pacific (IDA & IBRD countries),72.36007697863381
2000,TEA,East Asia & Pacific (IDA & IBRD countries),78.33595427960425
2015,TEA,East Asia & Pacific (IDA & IBRD countries),88.3446656034403
2016,TEA,East Asia & Pacific (IDA & IBRD countries),87.50586461539736
2017,TEA,East Asia & Pacific (IDA & IBRD countries),87.09864928059642
2018,TEA,East Asia & Pacific (IDA & IBRD countries),86.69974729064528
2019,TEA,East Asia & Pacific (IDA & IBRD countries),86.4040603065818
2020,TEA,East Asia & Pacific (IDA & IBRD countries),86.15105615801949
2021,TEA,East Asia & Pacific (IDA & IBRD countries),85.86301412651271
2022,TEA,East Asia & Pacific (IDA & IBRD countries),85.44572135953548
2023,TEA,East Asia & Pacific (IDA & IBRD countries),
2024,TEA,East Asia & Pacific (IDA & IBRD countries),
1990,TEC,Europe & Central Asia (IDA & IBRD countries),93.62019290800961
2000,TEC,Europe & Central Asia (IDA & IBRD countries),90.20551381898959
2015,TEC,Europe & Central Asia (IDA & IBRD countries),87.87736337389224
2016,TEC,Europe & Central Asia (IDA & IBRD countries),87.99104996646815
2017,TEC,Europe & Central Asia (IDA & IBRD countries),88.00023080826286
2018,TEC,Europe & Central Asia (IDA & IBRD countries),87.88245295573405
2019,TEC,Europe & Central Asia (IDA & IBRD countries),86.95601329407641
2020,TEC,Europe & Central Asia (IDA & IBRD countries),86.37414854045193
2021,TEC,Europe & Central Asia (IDA & IBRD countries),87.19557941919827
2022,TEC,Europe & Central Asia (IDA & IBRD countries),87.2383096749489
2023,TEC,Europe & Central Asia (IDA & IBRD countries),82.59335763760055
2024,TEC,Europe & Central Asia (IDA & IBRD countries),
1990,TGO,Togo,15.06
2000,TGO,Togo,14.86
2015,TGO,Togo,11.13
2016,TGO,Togo,14.93
2017,TGO,Togo,11.63
2018,TGO,Togo,14.74
2019,TGO,Togo,14.47
2020,TGO,Togo,17.05
2021,TGO,Togo,16.5
2022,TGO,Togo,16.89
2023,TGO,Togo,
2024,TGO,Togo,
1990,THA,Thailand,63.67
2000,THA,Thailand,78.85
2015,THA,Thailand,80.27
2016,THA,Thailand,78.35
2017,THA,Thailand,79.22
2018,THA,Thailand,78.94
2019,THA,Thailand,78.37
2020,THA,Thailand,80.29
2021,THA,Thailand,81.05
2022,THA,Thailand,79.65
2023,THA,Thailand,
2024,THA,Thailand,
1990,TJK,Tajikistan,71.33
2000,TJK,Tajikistan,38.54
2015,TJK,Tajikistan,51.11
2016,TJK,Tajikistan,54.54
2017,TJK,Tajikistan,54.46
2018,TJK,Tajikistan,57.47
2019,TJK,Tajikistan,60.39
2020,TJK,Tajikistan,60.94
2021,TJK,Tajikistan,61.92
2022,TJK,Tajikistan,60.89
2023,TJK,Tajikistan,
2024,TJK,Tajikistan,
1990,TKM,Turkmenistan,100.0
2000,TKM,Turkmenistan,100.0
2015,TKM,Turkmenistan,100.0
2016,TKM,Turkmenistan,100.0
2017,TKM,Turkmenistan,100.0
2018,TKM,Turkmenistan,100.0
2019,TKM,Turkmenistan,100.0
2020,TKM,Turkmenistan,100.0
2021,TKM,Turkmenistan,100.0
2022,TKM,Turkmenistan,100.0
2023,TKM,Turkmenistan,
2024,TKM,Turkmenistan,
1990,TLA,Latin America & the Caribbean (IDA & IBRD countries),70.93887281620425
2000,TLA,Latin America & the Caribbean (IDA & IBRD countries),74.75323226180129
2015,TLA,Latin America & the Caribbean (IDA & IBRD countries),73.56064427967345
2016,TLA,Latin America & the Caribbean (IDA & IBRD countries),72.71226191618517
2017,TLA,Latin America & the Caribbean (IDA & IBRD countries),72.06471866337124
2018,TLA,Latin America & the Caribbean (IDA & IBRD countries),70.78223073832855
2019,TLA,Latin America & the Caribbean (IDA & IBRD countries),70.77606799128527
2020,TLA,Latin America & the Caribbean (IDA & IBRD countries),68.2332020478556
2021,TLA,Latin America & the Caribbean (IDA & IBRD countries),70.35757919571141
2022,TLA,Latin America & the Caribbean (IDA & IBRD countries),69.48982148332128
2023,TLA,Latin America & the Caribbean (IDA & IBRD countries),64.71704987095549
2024,TLA,Latin America & the Caribbean (IDA & IBRD countries),
1990,TLS,Timor-Leste,
2000,TLS,Timor-Leste,
2015,TLS,Timor-Leste,
2016,TLS,Timor-Leste,
2017,TLS,Timor-Leste,
2018,TLS,Timor-Leste,
2019,TLS,Timor-Leste,
2020,TLS,Timor-Leste,
2021,TLS,Timor-Leste,
2022,TLS,Timor-Leste,
2023,TLS,Timor-Leste,
2024,TLS,Timor-Leste,
1990,TMN,"Middle East, North Africa, Afghanistan & Pakistan (IDA & IBRD)",88.23506090732397
2000,TMN,"Middle East, North Africa, Afghanistan & Pakistan (IDA & IBRD)",90.16103059626991
2015,TMN,"Middle East, North Africa, Afghanistan & Pakistan (IDA & IBRD)",91.33366923035312
2016,TMN,"Middle East, North Africa, Afghanistan & Pakistan (IDA & IBRD)",91.54687626446386
2017,TMN,"Middle East, North Africa, Afghanistan & Pakistan (IDA & IBRD)",92.0506489965268
2018,TMN,"Middle East, North Africa, Afghanistan & Pakistan (IDA & IBRD)",92.07086636115724
2019,TMN,"Middle East, North Africa, Afghanistan & Pakistan (IDA & IBRD)",92.18256238686227
2020,TMN,"Middle East, North Africa, Afghanistan & Pakistan (IDA & IBRD)",92.27385262305913
2021,TMN,"Middle East, North Africa, Afghanistan & Pakistan (IDA & IBRD)",92.46452417267204
2022,TMN,"Middle East, North Africa, Afghanistan & Pakistan (IDA & IBRD)",92.04545877779965
2023,TMN,"Middle East, North Africa, Afghanistan & Pakistan (IDA & IBRD)",
2024,TMN,"Middle East, North Africa, Afghanistan & Pakistan (IDA & IBRD)",
1990,TON,Tonga,0.0
2000,TON,Tonga,
2015,TON,Tonga,
2016,TON,Tonga,
2017,TON,Tonga,
2018,TON,Tonga,
2019,TON,Tonga,
2020,TON,Tonga,
2021,TON,Tonga,
2022,TON,Tonga,
2023,TON,Tonga,
2024,TON,Tonga,
1990,TSA,South Asia (IDA & IBRD),56.45421812041045
2000,TSA,South Asia (IDA & IBRD),65.42785370178228
2015,TSA,South Asia (IDA & IBRD),75.36488127853414
2016,TSA,South Asia (IDA & IBRD),74.98270249251081
2017,TSA,South Asia (IDA & IBRD),75.01616025234189
2018,TSA,South Asia (IDA & IBRD),75.19494019924926
2019,TSA,South Asia (IDA & IBRD),74.70984538181757
2020,TSA,South Asia (IDA & IBRD),72.80556767177714
2021,TSA,South Asia (IDA & IBRD),73.96572291377328
2022,TSA,South Asia (IDA & IBRD),74.42919238666052
2023,TSA,South Asia (IDA & IBRD),
2024,TSA,South Asia (IDA & IBRD),
1990,TSS,Sub-Saharan Africa (IDA & IBRD countries),44.99827192305061
2000,TSS,Sub-Saharan Africa (IDA & IBRD countries),45.54067845200694
2015,TSS,Sub-Saharan Africa (IDA & IBRD countries),46.919697092434646
2016,TSS,Sub-Saharan Africa (IDA & IBRD countries),47.240224088834914
2017,TSS,Sub-Saharan Africa (IDA & IBRD countries),46.463549524545996
2018,TSS,Sub-Saharan Africa (IDA & IBRD countries),45.68503941429641
2019,TSS,Sub-Saharan Africa (IDA & IBRD countries),46.60886315455023
2020,TSS,Sub-Saharan Africa (IDA & IBRD countries),44.29169500108217
2021,TSS,Sub-Saharan Africa (IDA & IBRD countries),44.49402665618204
2022,TSS,Sub-Saharan Africa (IDA & IBRD countries),44.164674045505286
2023,TSS,Sub-Saharan Africa (IDA & IBRD countries),19.77
2024,TSS,Sub-Saharan Africa (IDA & IBRD countries),
1990,TTO,Trinidad and Tobago,98.9
2000,TTO,Trinidad and Tobago,99.78
2015,TTO,Trinidad and Tobago,99.93
2016,TTO,Trinidad and Tobago,99.92
2017,TTO,Trinidad and Tobago,99.92
2018,TTO,Trinidad and Tobago,99.92
2019,TTO,Trinidad and Tobago,99.92
2020,TTO,Trinidad and Tobago,99.91
2021,TTO,Trinidad and Tobago,99.91
2022,TTO,Trinidad and Tobago,99.91
2023,TTO,Trinidad and Tobago,
2024,TTO,Trinidad and Tobago,
1990,TUN,Tunisia,87.02
2000,TUN,Tunisia,87.12
2015,TUN,Tunisia,88.63
2016,TUN,Tunisia,88.68
2017,TUN,Tunisia,88.92
2018,TUN,Tunisia,88.77
2019,TUN,Tunisia,88.45
2020,TUN,Tunisia,88.49
2021,TUN,Tunisia,88.01
2022,TUN,Tunisia,86.82
2023,TUN,Tunisia,
2024,TUN,Tunisia,
1990,TUR,Turkiye,81.35
2000,TUR,Turkiye,86.35
2015,TUR,Turkiye,87.4
2016,TUR,Turkiye,86.83
2017,TUR,Turkiye,87.63
2018,TUR,Turkiye,85.85
2019,TUR,Turkiye,83.16
2020,TUR,Turkiye,82.6
2021,TUR,Turkiye,83.83
2022,TUR,Turkiye,81.77
2023,TUR,Turkiye,81.35
2024,TUR,Turkiye,
1990,TUV,Tuvalu,
2000,TUV,Tuvalu,
2015,TUV,Tuvalu,
2016,TUV,Tuvalu,
2017,TUV,Tuvalu,
2018,TUV,Tuvalu,
2019,TUV,Tuvalu,
2020,TUV,Tuvalu,
2021,TUV,Tuvalu,
2022,TUV,Tuvalu,
2023,TUV,Tuvalu,
2024,TUV,Tuvalu,
1990,TZA,Tanzania,8.67
2000,TZA,Tanzania,6.13
2015,TZA,Tanzania,18.69
2016,TZA,Tanzania,19.19
2017,TZA,Tanzania,18.93
2018,TZA,Tanzania,19.62
2019,TZA,Tanzania,20.19
2020,TZA,Tanzania,19.65
2021,TZA,Tanzania,21.55
2022,TZA,Tanzania,23.06
2023,TZA,Tanzania,
2024,TZA,Tanzania,
1990,UGA,Uganda,3.55
2000,UGA,Uganda,4.74
2015,UGA,Uganda,8.59
2016,UGA,Uganda,8.79
2017,UGA,Uganda,8.91
2018,UGA,Uganda,9.59
2019,UGA,Uganda,9.58
2020,UGA,Uganda,8.53
2021,UGA,Uganda,9.1
2022,UGA,Uganda,8.73
2023,UGA,Uganda,
2024,UGA,Uganda,
1990,UKR,Ukraine,92.59
2000,UKR,Ukraine,84.27
2015,UKR,Ukraine,71.85
2016,UKR,Ukraine,72.56
2017,UKR,Ukraine,70.41
2018,UKR,Ukraine,71.71
2019,UKR,Ukraine,70.43
2020,UKR,Ukraine,70.44
2021,UKR,Ukraine,67.73
2022,UKR,Ukraine,65.48
2023,UKR,Ukraine,
2024,UKR,Ukraine,
1990,UMC,Upper middle income,79.97692846191038
2000,UMC,Upper middle income,81.75643460411452
2015,UMC,Upper middle income,87.4214183332416
2016,UMC,Upper middle income,86.77193980100343
2017,UMC,Upper middle income,86.46837053607892
2018,UMC,Upper middle income,86.03795797361234
2019,UMC,Upper middle income,85.72969905767471
2020,UMC,Upper middle income,85.32326224223749
2021,UMC,Upper middle income,85.44243779747926
2022,UMC,Upper middle income,85.03916966819806
2023,UMC,Upper middle income,68.49883778643904
2024,UMC,Upper middle income,
1990,URY,Uruguay,58.64
2000,URY,Uruguay,65.09
2015,URY,Uruguay,43.77
2016,URY,Uruguay,42.46
2017,URY,Uruguay,39.99
2018,URY,Uruguay,41.48
2019,URY,Uruguay,41.53
2020,URY,Uruguay,41.48
2021,URY,Uruguay,46.76
2022,URY,Uruguay,44.91
2023,URY,Uruguay,
2024,URY,Uruguay,
1990,USA,United States,86.43
2000,USA,United States,85.88
2015,USA,United States,82.87
2016,USA,United States,82.32
2017,USA,United States,82.02
2018,USA,United States,82.08
2019,USA,United States,81.94
2020,USA,United States,80.73
2021,USA,United States,81.38
2022,USA,United States,81.37
2023,USA,United States,81.59
2024,USA,United States,
1990,UZB,Uzbekistan,99.18
2000,UZB,Uzbekistan,99.1
2015,UZB,Uzbekistan,98.66
2016,UZB,Uzbekistan,98.77
2017,UZB,Uzbekistan,98.42
2018,UZB,Uzbekistan,98.84
2019,UZB,Uzbekistan,98.41
2020,UZB,Uzbekistan,98.57
2021,UZB,Uzbekistan,98.52
2022,UZB,Uzbekistan,98.36
2023,UZB,Uzbekistan,
2024,UZB,Uzbekistan,
1990,VCT,St. Vincent and the Grenadines,0.0
2000,VCT,St. Vincent and the Grenadines,
2015,VCT,St. Vincent and the Grenadines,
2016,VCT,St. Vincent and the Grenadines,
2017,VCT,St. Vincent and the Grenadines,
2018,VCT,St. Vincent and the Grenadines,
2019,VCT,St. Vincent and the Grenadines,
2020,VCT,St. Vincent and the Grenadines,
2021,VCT,St. Vincent and the Grenadines,
2022,VCT,St. Vincent and the Grenadines,
2023,VCT,St. Vincent and the Grenadines,
2024,VCT,St. Vincent and the Grenadines,
1990,VEN,"Venezuela, RB",90.46
2000,VEN,"Venezuela, RB",89.63
2015,VEN,"Venezuela, RB",88.85
2016,VEN,"Venezuela, RB",89.78
2017,VEN,"Venezuela, RB",89.63
2018,VEN,"Venezuela, RB",86.85
2019,VEN,"Venezuela, RB",88.73
2020,VEN,"Venezuela, RB",82.22
2021,VEN,"Venezuela, RB",84.01
2022,VEN,"Venezuela, RB",85.91
2023,VEN,"Venezuela, RB",
2024,VEN,"Venezuela, RB",
1990,VGB,British Virgin Islands,
2000,VGB,British Virgin Islands,
2015,VGB,British Virgin Islands,
2016,VGB,British Virgin Islands,
2017,VGB,British Virgin Islands,
2018,VGB,British Virgin Islands,
2019,VGB,British Virgin Islands,
2020,VGB,British Virgin Islands,
2021,VGB,British Virgin Islands,
2022,VGB,British Virgin Islands,
2023,VGB,British Virgin Islands,
2024,VGB,British Virgin Islands,
1990,VIR,Virgin Islands (U.S.),
2000,VIR,Virgin Islands (U.S.),
2015,VIR,Virgin Islands (U.S.),
2016,VIR,Virgin Islands (U.S.),
2017,VIR,Virgin Islands (U.S.),
2018,VIR,Virgin Islands (U.S.),
2019,VIR,Virgin Islands (U.S.),
2020,VIR,Virgin Islands (U.S.),
2021,VIR,Virgin Islands (U.S.),
2022,VIR,Virgin Islands (U.S.),
2023,VIR,Virgin Islands (U.S.),
2024,VIR,Virgin Islands (U.S.),
1990,VNM,Viet Nam,27.62
2000,VNM,Viet Nam,46.27
2015,VNM,Viet Nam,78.72
2016,VNM,Viet Nam,78.7
2017,VNM,Viet Nam,76.93
2018,VNM,Viet Nam,80.13
2019,VNM,Viet Nam,83.72
2020,VNM,Viet Nam,84.78
2021,VNM,Viet Nam,79.81
2022,VNM,Viet Nam,79.35
2023,VNM,Viet Nam,
2024,VNM,Viet Nam,
1990,VUT,Vanuatu,0.0
2000,VUT,Vanuatu,
2015,VUT,Vanuatu,
2016,VUT,Vanuatu,
2017,VUT,Vanuatu,
2018,VUT,Vanuatu,
2019,VUT,Vanuatu,
2020,VUT,Vanuatu,
2021,VUT,Vanuatu,
2022,VUT,Vanuatu,
2023,VUT,Vanuatu,
2024,VUT,Vanuatu,
1990,WLD,World,81.61419877429746
2000,WLD,World,80.87964671423754
2015,WLD,World,82.22561932236397
2016,WLD,World,81.88836261124248
2017,WLD,World,81.77379677005408
2018,WLD,World,81.49009771947009
2019,WLD,World,81.1792011066594
2020,WLD,World,80.47614494263671
2021,WLD,World,80.7499165009521
2022,WLD,World,80.64914131569226
2023,WLD,World,75.55099468761865
2024,WLD,World,
1990,WSM,Samoa,0.0
2000,WSM,Samoa,
2015,WSM,Samoa,
2016,WSM,Samoa,
2017,WSM,Samoa,
2018,WSM,Samoa,
2019,WSM,Samoa,
2020,WSM,Samoa,
2021,WSM,Samoa,
2022,WSM,Samoa,
2023,WSM,Samoa,
2024,WSM,Samoa,
1990,XKX,Kosovo,
2000,XKX,Kosovo,83.92267428874783
2015,XKX,Kosovo,
2016,XKX,Kosovo,
2017,XKX,Kosovo,
2018,XKX,Kosovo,
2019,XKX,Kosovo,
2020,XKX,Kosovo,
2021,XKX,Kosovo,
2022,XKX,Kosovo,
2023,XKX,Kosovo,
2024,XKX,Kosovo,
1990,YEM,"Yemen, Rep.",96.92
2000,YEM,"Yemen, Rep.",98.37
2015,YEM,"Yemen, Rep.",96.56
2016,YEM,"Yemen, Rep.",94.96
2017,YEM,"Yemen, Rep.",94.06
2018,YEM,"Yemen, Rep.",94.7
2019,YEM,"Yemen, Rep.",94.69
2020,YEM,"Yemen, Rep.",93.71
2021,YEM,"Yemen, Rep.",93.24
2022,YEM,"Yemen, Rep.",93.05
2023,YEM,"Yemen, Rep.",
2024,YEM,"Yemen, Rep.",
1990,ZAF,South Africa,85.96
2000,ZAF,South Africa,88.64
2015,ZAF,South Africa,93.49
2016,ZAF,South Africa,93.58
2017,ZAF,South Africa,93.35
2018,ZAF,South Africa,93.45
2019,ZAF,South Africa,93.52
2020,ZAF,South Africa,93.65
2021,ZAF,South Africa,93.13
2022,ZAF,South Africa,93.32
2023,ZAF,South Africa,
2024,ZAF,South Africa,
1990,ZMB,Zambia,15.52
2000,ZMB,Zambia,9.26
2015,ZMB,Zambia,14.37
2016,ZMB,Zambia,14.04
2017,ZMB,Zambia,16.62
2018,ZMB,Zambia,17.46
2019,ZMB,Zambia,17.52
2020,ZMB,Zambia,18.45
2021,ZMB,Zambia,16.68
2022,ZMB,Zambia,18.35
2023,ZMB,Zambia,
2024,ZMB,Zambia,
1990,ZWE,Zimbabwe,44.8
2000,ZWE,Zimbabwe,55.54
2015,ZWE,Zimbabwe,50.78
2016,ZWE,Zimbabwe,47.58
2017,ZWE,Zimbabwe,44.75
2018,ZWE,Zimbabwe,47.19
2019,ZWE,Zimbabwe,46.1
2020,ZWE,Zimbabwe,40.7
2021,ZWE,Zimbabwe,43.4
2022,ZWE,Zimbabwe,45.28
2023,ZWE,Zimbabwe,
2024,ZWE,Zimbabwe,
